date,wti_crude,rbob_gasoline,heating_oil_diesel,crack_spread
2018-01-02,60.37,1.7631,2.0584,17.8144
2018-01-03,61.63,1.7974,2.088,17.9292
2018-01-04,62.01,1.8067,2.077,17.6556
2018-01-05,61.44,1.7858,2.0587,17.3842
2018-01-08,61.73,1.7918,2.0454,17.076
2018-01-09,62.96,1.8362,2.0662,17.3804
2018-01-10,63.57,1.8327,2.0807,16.8754
2018-01-11,63.8,1.837,2.0767,16.7098
2018-01-12,64.3,1.8495,2.085,16.676
2018-01-16,63.73,1.8384,2.0634,16.6328
2018-01-17,63.97,1.8584,2.0691,17.0326
2018-01-18,63.95,1.8835,2.0617,17.6518
2018-01-19,63.37,1.8636,2.0584,17.6284
2018-01-22,63.49,1.8801,2.0569,17.9494
2018-01-23,64.47,1.9087,2.0861,18.179
2018-01-24,65.61,1.9164,2.1061,17.5346
2018-01-25,65.51,1.9154,2.1154,17.7368
2018-01-26,66.14,1.9377,2.136,18.0196
2018-01-29,65.56,1.9349,2.1048,18.0844
2018-01-30,64.5,1.8954,2.0717,17.575
2018-01-31,64.73,1.9075,2.0692,17.6488
2018-02-01,65.8,1.8958,2.0904,16.548
2018-02-02,65.45,1.872,2.0535,15.715
2018-02-05,64.15,1.8466,2.0196,15.8292
2018-02-06,63.39,1.8052,1.9851,14.947
2018-02-07,61.79,1.766,1.9313,14.6962
2018-02-08,61.15,1.765,1.9213,15.1682
2018-02-09,59.2,1.7002,1.8551,14.377
2018-02-12,59.29,1.6785,1.8389,13.4526
2018-02-13,59.19,1.6853,1.8369,13.715
2018-02-14,60.6,1.713,1.8844,13.7456
2018-02-15,61.34,1.7358,1.8916,13.7448
2018-02-16,61.68,1.7509,1.9104,14.0908
2018-02-20,61.9,1.7503,1.9277,14.0962
2018-02-21,61.68,1.7573,1.9323,14.5766
2018-02-22,62.77,1.7657,1.9527,14.0074
2018-02-23,63.55,1.8085,1.9694,14.6596
2018-02-26,63.91,1.8267,1.9859,15.0402
2018-02-27,63.01,1.8034,1.963,14.9672
2018-02-28,61.64,1.7577,1.9136,14.366
2018-03-01,60.99,1.8964,1.8855,18.5062
2018-03-02,61.25,1.9014,1.8796,18.3036
2018-03-05,62.57,1.9349,1.8967,18.161
2018-03-06,62.6,1.9331,1.9033,18.173
2018-03-07,61.15,1.9103,1.8746,18.5828
2018-03-08,60.12,1.8677,1.8591,18.203
2018-03-09,62.04,1.9043,1.8866,17.6928
2018-03-12,61.36,1.894,1.8647,17.7778
2018-03-13,60.71,1.8863,1.8739,18.341
2018-03-14,60.96,1.9243,1.8871,19.3398
2018-03-15,61.19,1.9248,1.8929,19.205
2018-03-16,62.34,1.9459,1.9118,18.9104
2018-03-19,62.06,1.9249,1.907,18.5352
2018-03-20,63.4,1.9659,1.9495,18.9382
2018-03-21,65.17,2.0122,2.0037,19.2234
2018-03-22,64.3,2.0096,1.9923,19.861
2018-03-23,65.88,2.0336,2.0184,19.3184
2018-03-26,65.55,2.0104,2.015,18.9512
2018-03-27,65.25,2.0135,2.0224,19.4416
2018-03-28,64.38,2.0116,2.0148,20.152
2018-03-29,64.94,2.0179,2.0284,19.9588
2018-04-02,63.01,1.9661,1.9802,19.7636
2018-04-03,63.51,1.9741,1.995,19.6948
2018-04-04,63.37,1.9768,1.9773,19.6626
2018-04-05,63.54,1.9816,1.9765,19.6158
2018-04-06,62.06,1.9547,1.9578,20.0808
2018-04-09,63.42,1.9842,1.9966,20.09
2018-04-10,65.51,2.0409,2.0648,20.5424
2018-04-11,66.82,2.0676,2.0927,20.3706
2018-04-12,67.07,2.0546,2.0838,19.632
2018-04-13,67.39,2.0654,2.1002,19.844
2018-04-16,66.22,2.0399,2.0703,19.8814
2018-04-17,66.52,2.0412,2.0571,19.433
2018-04-18,68.47,2.0683,2.0911,18.7178
2018-04-19,68.29,2.0774,2.1094,19.4088
2018-04-20,68.38,2.0959,2.123,20.0272
2018-04-23,68.64,2.1237,2.1409,20.7962
2018-04-24,67.7,2.0949,2.1276,20.7436
2018-04-25,68.05,2.0897,2.136,20.3656
2018-04-26,68.19,2.1123,2.16,21.1944
2018-04-27,68.1,2.1269,2.1509,21.5658
2018-04-30,68.57,2.1292,2.1674,21.3912
2018-05-01,67.25,2.0876,2.0997,20.5986
2018-05-02,67.93,2.0798,2.1215,20.0054
2018-05-03,68.43,2.0875,2.1127,19.5978
2018-05-04,69.72,2.114,2.154,19.628
2018-05-07,70.73,2.134,2.185,19.612
2018-05-08,69.06,2.1114,2.1577,20.267
2018-05-09,71.14,2.1673,2.218,20.5964
2018-05-10,71.36,2.189,2.2228,21.0512
2018-05-11,70.7,2.1888,2.222,21.6944
2018-05-14,70.96,2.2002,2.2496,22.14
2018-05-15,71.31,2.2048,2.249,21.9104
2018-05-16,71.49,2.2499,2.2692,23.276
2018-05-17,71.49,2.2431,2.2808,23.248
2018-05-18,71.28,2.2333,2.2655,22.9694
2018-05-21,72.24,2.2565,2.2738,22.7752
2018-05-22,72.13,2.2702,2.28,23.3556
2018-05-23,71.84,2.2601,2.2896,23.4972
2018-05-24,70.71,2.2338,2.2667,23.5702
2018-05-25,67.88,2.1814,2.2098,24.1364
2018-05-29,66.73,2.1441,2.1859,23.9074
2018-05-30,68.21,2.1842,2.2317,24.1914
2018-05-31,67.04,2.1603,2.1914,24.128
2018-06-01,65.81,2.1434,2.1763,24.6734
2018-06-04,64.75,2.1224,2.1525,24.8122
2018-06-05,65.52,2.1062,2.1416,23.436
2018-06-06,64.73,2.07,2.1266,23.0024
2018-06-07,65.95,2.1148,2.1799,23.783
2018-06-08,65.74,2.1153,2.1643,23.7886
2018-06-11,66.1,2.1049,2.1607,23.087
2018-06-12,66.36,2.0899,2.1618,22.4224
2018-06-13,66.64,2.1252,2.1851,23.457
2018-06-14,66.89,2.091,2.1587,21.8798
2018-06-15,65.06,2.0232,2.087,20.8076
2018-06-18,65.85,2.0546,2.1316,21.5212
2018-06-19,65.07,2.0379,2.1218,21.6964
2018-06-20,66.22,2.0235,2.1071,19.9374
2018-06-21,65.54,2.0123,2.0701,19.7858
2018-06-22,68.58,2.0705,2.1254,19.1496
2018-06-25,68.08,2.0515,2.1004,18.7676
2018-06-26,70.53,2.0746,2.129,17.3648
2018-06-27,72.76,2.1336,2.1772,17.4616
2018-06-28,73.45,2.1329,2.1782,16.766
2018-06-29,74.15,2.1791,2.2093,17.795
2018-07-02,73.94,2.1048,2.1558,15.1756
2018-07-03,74.14,2.1176,2.1642,15.4516
2018-07-05,72.94,2.1293,2.1787,17.1822
2018-07-06,73.8,2.1085,2.1684,15.5956
2018-07-09,73.85,2.1485,2.1957,17.0478
2018-07-10,74.11,2.1603,2.2218,17.4836
2018-07-11,70.38,2.0614,2.1008,16.7504
2018-07-12,70.33,2.0717,2.1231,17.401
2018-07-13,71.01,2.1067,2.1334,17.8452
2018-07-16,68.06,2.0022,2.0543,16.7618
2018-07-17,68.08,2.0261,2.0701,17.6322
2018-07-18,68.76,2.0444,2.0903,17.7474
2018-07-19,69.46,2.0435,2.0901,17.0194
2018-07-20,70.46,2.069,2.1044,16.9336
2018-07-23,67.89,2.0914,2.118,20.3212
2018-07-24,68.52,2.0956,2.1326,20.0132
2018-07-25,69.3,2.1231,2.1512,20.2636
2018-07-26,69.61,2.1623,2.1769,21.411
2018-07-27,68.69,2.1619,2.1552,22.016
2018-07-30,70.13,2.1603,2.171,20.7524
2018-07-31,68.76,2.1291,2.1319,20.7014
2018-08-01,67.66,2.0451,2.0974,18.9664
2018-08-02,68.96,2.0681,2.1318,18.792
2018-08-03,68.49,2.0655,2.1269,19.1206
2018-08-06,69.01,2.0651,2.1393,18.763
2018-08-07,69.17,2.104,2.1691,20.1094
2018-08-08,66.94,2.0195,2.1157,19.2258
2018-08-09,66.81,1.9999,2.1119,18.7538
2018-08-10,67.63,2.0392,2.1397,19.4234
2018-08-13,67.2,2.0147,2.137,19.1296
2018-08-14,67.04,2.0341,2.1287,19.7166
2018-08-15,65.01,1.9974,2.0904,20.1828
2018-08-16,65.46,1.9874,2.0964,19.5368
2018-08-17,65.91,1.9809,2.0982,18.93
2018-08-20,66.43,2.0151,2.1138,19.586
2018-08-21,67.35,2.0179,2.1236,18.8816
2018-08-22,67.86,2.068,2.1683,20.4002
2018-08-23,67.83,2.0592,2.1754,20.2832
2018-08-24,68.72,2.0779,2.2022,20.292
2018-08-27,68.87,2.0896,2.2149,20.6474
2018-08-28,68.53,2.0787,2.2114,20.6332
2018-08-29,69.51,2.106,2.2421,20.8474
2018-08-30,70.25,2.1435,2.2483,21.2442
2018-08-31,69.8,2.1437,2.2413,21.6018
2018-09-04,69.87,1.9942,2.2547,17.5334
2018-09-05,68.72,1.9648,2.2345,17.5774
2018-09-06,67.77,1.951,2.2091,17.7854
2018-09-07,67.75,1.97,2.2182,18.4648
2018-09-10,67.54,1.9592,2.2178,18.3668
2018-09-11,69.25,2.0142,2.252,18.6756
2018-09-12,70.37,2.0348,2.2577,18.2122
2018-09-13,68.59,1.9929,2.2235,18.3402
2018-09-14,68.99,1.9702,2.2092,17.1044
2018-09-17,68.91,1.9768,2.2064,17.33
2018-09-18,69.85,2.0049,2.2357,17.587
2018-09-19,71.12,2.0207,2.2466,16.912
2018-09-20,70.8,2.0146,2.228,16.8008
2018-09-21,70.78,2.0171,2.226,16.8628
2018-09-24,72.08,2.0547,2.2859,17.4542
2018-09-25,72.28,2.0677,2.3053,17.8898
2018-09-26,71.57,2.0585,2.2998,18.2652
2018-09-27,72.12,2.0824,2.3231,18.7106
2018-09-28,73.25,2.1012,2.3518,18.5088
2018-10-01,75.3,2.1275,2.4079,17.9806
2018-10-02,75.23,2.1269,2.4076,18.0296
2018-10-03,76.41,2.1378,2.4372,17.5692
2018-10-04,74.33,2.1004,2.3997,18.077
2018-10-05,74.34,2.0861,2.3923,17.563
2018-10-08,74.29,2.0937,2.3942,17.8524
2018-10-09,74.96,2.0774,2.4238,17.1404
2018-10-10,73.17,2.0204,2.3949,16.9298
2018-10-11,70.97,1.9327,2.3322,15.7964
2018-10-12,71.34,1.942,2.3213,15.5342
2018-10-15,71.78,1.9443,2.3257,15.2202
2018-10-16,71.92,1.9773,2.3402,16.2072
2018-10-17,69.75,1.9187,2.3111,16.329
2018-10-18,68.65,1.8911,2.2949,16.4294
2018-10-19,69.12,1.9139,2.302,16.6972
2018-10-22,69.17,1.9067,2.3181,16.671
2018-10-23,66.43,1.8368,2.2484,16.478
2018-10-24,66.82,1.8223,2.2521,15.7338
2018-10-25,67.33,1.8129,2.2781,15.3246
2018-10-26,67.59,1.815,2.303,15.472
2018-10-29,67.04,1.8249,2.2843,16.0374
2018-10-30,66.18,1.8059,2.2598,16.0224
2018-10-31,65.31,1.768,2.2618,15.8592
2018-11-01,63.69,1.7165,2.2008,15.1832
2018-11-02,63.14,1.7083,2.1728,15.1116
2018-11-05,63.1,1.6919,2.1963,15.0214
2018-11-06,62.21,1.694,2.1883,15.8582
2018-11-07,61.67,1.6474,2.2371,15.7766
2018-11-08,60.67,1.6443,2.1683,15.7266
2018-11-09,60.19,1.6214,2.1728,15.6284
2018-11-12,59.93,1.6367,2.1556,16.076
2018-11-13,55.69,1.5427,2.0625,16.3806
2018-11-14,56.25,1.5606,2.0959,16.7894
2018-11-15,56.46,1.5566,2.0741,16.1622
2018-11-16,56.46,1.577,2.0737,16.7278
2018-11-19,56.76,1.5829,2.0864,16.7708
2018-11-20,53.43,1.4959,1.9902,16.318
2018-11-21,54.63,1.5107,1.9702,15.2524
2018-11-23,50.42,1.3913,1.8762,14.8032
2018-11-26,51.63,1.4426,1.893,15.2648
2018-11-27,51.56,1.4208,1.886,14.6264
2018-11-28,50.29,1.3979,1.8384,14.5888
2018-11-29,51.45,1.4547,1.8436,15.092
2018-11-30,50.93,1.4413,1.8455,15.2634
2018-12-03,52.95,1.4314,1.8875,13.5542
2018-12-04,53.25,1.4434,1.9009,13.7778
2018-12-06,51.49,1.4334,1.8582,14.66
2018-12-07,52.61,1.4858,1.8862,15.3992
2018-12-10,51.0,1.4189,1.8441,14.5466
2018-12-11,51.65,1.4398,1.8471,14.5238
2018-12-12,51.15,1.4204,1.8509,14.5338
2018-12-13,52.58,1.4782,1.8765,15.0806
2018-12-14,51.2,1.4343,1.8453,14.7946
2018-12-17,49.88,1.4104,1.8267,15.185
2018-12-18,46.24,1.3505,1.7539,16.1286
2018-12-19,47.2,1.3863,1.8054,16.892
2018-12-20,45.88,1.3224,1.7497,15.643
2018-12-21,45.59,1.3183,1.7327,15.5802
2018-12-24,42.53,1.2488,1.6622,15.7072
2018-12-26,46.22,1.3304,1.7336,15.3016
2018-12-27,44.61,1.304,1.6783,15.3982
2018-12-28,45.33,1.3262,1.6647,15.1094
2018-12-31,45.41,1.3237,1.6808,15.1848
2019-01-02,46.54,1.3256,1.7006,14.3852
2019-01-03,47.09,1.3495,1.742,15.084
2019-01-04,47.96,1.3478,1.7692,14.5472
2019-01-07,48.52,1.3408,1.7784,13.92
2019-01-08,49.78,1.3626,1.827,13.9508
2019-01-09,52.36,1.4254,1.8808,13.8824
2019-01-10,52.59,1.4307,1.9061,14.155
2019-01-11,51.59,1.4007,1.8797,13.9454
2019-01-14,50.51,1.3638,1.8525,13.6114
2019-01-15,52.11,1.4114,1.8722,13.62
2019-01-16,52.31,1.4159,1.8946,13.8596
2019-01-17,52.07,1.43,1.8843,14.3502
2019-01-18,53.8,1.4528,1.916,13.7024
2019-01-22,52.57,1.4015,1.9011,13.2874
2019-01-23,52.62,1.3857,1.8886,12.62
2019-01-24,53.13,1.3876,1.8856,12.1212
2019-01-25,53.69,1.3894,1.8919,11.6998
2019-01-28,51.99,1.3331,1.8377,11.0646
2019-01-29,53.31,1.3509,1.8975,11.0802
2019-01-30,54.23,1.3823,1.8984,11.052
2019-01-31,53.79,1.3627,1.8788,10.6688
2019-02-01,55.26,1.4369,1.9127,11.751
2019-02-04,54.56,1.4323,1.9074,12.248
2019-02-05,53.66,1.4259,1.8975,12.8302
2019-02-06,54.01,1.4591,1.9122,13.6156
2019-02-07,52.64,1.4258,1.9005,13.8894
2019-02-08,52.72,1.4464,1.9085,14.4982
2019-02-11,52.41,1.4192,1.8922,13.8184
2019-02-12,53.1,1.4272,1.9072,13.5624
2019-02-13,53.9,1.4651,1.9388,14.266
2019-02-14,54.41,1.5085,1.9716,15.4304
2019-02-15,55.59,1.5729,2.0203,16.7354
2019-02-19,56.09,1.5638,1.9946,15.6208
2019-02-20,56.92,1.5981,2.0183,16.083
2019-02-21,56.96,1.6144,2.0363,16.7514
2019-02-22,57.26,1.6112,2.0311,16.289
2019-02-25,55.48,1.5452,1.9746,15.43
2019-02-26,55.5,1.5863,1.9985,16.8954
2019-02-27,56.94,1.634,2.0216,17.1144
2019-02-28,57.22,1.6293,2.0235,16.7294
2019-03-01,55.8,1.7303,2.001,20.6624
2019-03-04,56.59,1.749,2.0143,20.5822
2019-03-05,56.56,1.7674,2.0164,21.1568
2019-03-06,56.22,1.789,2.0162,22.0988
2019-03-07,56.66,1.8054,2.0127,22.069
2019-03-08,56.07,1.8017,1.9998,22.3748
2019-03-11,56.79,1.826,1.9942,22.2568
2019-03-12,56.87,1.8155,1.9857,21.7638
2019-03-13,58.26,1.8568,1.9921,21.6198
2019-03-14,58.61,1.8495,1.9849,20.9646
2019-03-15,58.52,1.8577,1.9677,21.0434
2019-03-18,59.09,1.8828,1.969,21.1944
2019-03-19,59.03,1.8931,1.9904,21.8424
2019-03-20,59.83,1.9166,2.0081,21.9482
2019-03-21,59.98,1.9203,1.9871,21.6078
2019-03-22,59.04,1.9259,1.9659,22.4078
2019-03-25,58.82,1.9379,1.9804,23.1668
2019-03-26,59.94,1.9557,1.9899,22.6782
2019-03-27,59.41,1.8955,1.9806,21.3924
2019-03-28,59.3,1.8799,1.972,20.9452
2019-03-29,60.14,1.8956,1.9734,20.5644
2019-04-01,61.59,1.8989,1.9881,19.4126
2019-04-02,62.58,1.9285,2.0089,19.5426
2019-04-03,62.46,1.9512,2.0068,20.2688
2019-04-04,62.1,1.9399,2.0134,20.4048
2019-04-05,63.08,1.9687,2.0424,20.6372
2019-04-08,64.4,1.988,2.0571,20.0634
2019-04-09,63.98,1.999,2.0449,20.6206
2019-04-10,64.61,2.0692,2.0876,22.554
2019-04-11,63.58,2.0309,2.0672,22.226
2019-04-12,63.89,2.037,2.0707,22.1358
2019-04-15,63.4,2.0118,2.061,21.7844
2019-04-16,64.05,2.0317,2.0822,21.9884
2019-04-17,63.76,2.0418,2.0692,22.3792
2019-04-18,64.0,2.0722,2.0709,23.0142
2019-04-22,65.7,2.1298,2.104,23.3904
2019-04-23,66.3,2.1316,2.118,23.0368
2019-04-24,65.89,2.1285,2.0987,23.0898
2019-04-25,65.21,2.1321,2.0981,23.8622
2019-04-26,63.3,2.1006,2.0512,24.2336
2019-04-29,63.5,2.0828,2.0549,23.587
2019-04-30,63.91,2.1232,2.0812,24.6764
2019-05-01,63.6,2.0642,2.0942,23.5164
2019-05-02,61.81,2.0183,2.0778,23.7916
2019-05-03,61.94,2.0265,2.0702,23.7848
2019-05-06,62.25,1.9966,2.0676,22.6012
2019-05-07,61.4,1.9487,2.0376,21.69
2019-05-08,62.12,1.975,2.0562,21.9668
2019-05-09,61.7,1.9754,2.0436,22.2216
2019-05-10,61.66,1.9891,2.0504,22.7404
2019-05-13,61.04,1.9637,2.0384,22.4812
2019-05-14,61.78,1.9767,2.0589,22.3922
2019-05-15,62.02,2.0127,2.0863,23.5438
2019-05-16,62.87,2.0618,2.1232,24.5852
2019-05-17,62.76,2.0473,2.0955,23.9014
2019-05-20,63.1,2.0099,2.0736,22.2076
2019-05-21,62.99,2.0193,2.0794,22.662
2019-05-22,61.42,1.9912,2.0491,23.021
2019-05-23,57.91,1.9133,1.9624,23.136
2019-05-24,58.63,1.9345,1.9713,23.1342
2019-05-28,59.14,1.9567,1.9925,23.5426
2019-05-29,58.81,1.9452,1.9675,23.2006
2019-05-30,56.59,1.8786,1.915,22.8208
2019-05-31,53.5,1.802,1.8418,22.7412
2019-06-03,53.25,1.7413,1.8065,20.7974
2019-06-04,53.48,1.7242,1.8215,20.2986
2019-06-05,51.68,1.6928,1.78,20.6384
2019-06-06,52.59,1.7076,1.7883,20.259
2019-06-07,53.99,1.7389,1.8248,20.2464
2019-06-10,53.26,1.7303,1.8063,20.4766
2019-06-11,53.27,1.7563,1.8221,21.4158
2019-06-12,51.14,1.6861,1.7799,20.9894
2019-06-13,52.28,1.7199,1.8066,21.1696
2019-06-14,52.51,1.7325,1.8294,21.6116
2019-06-17,51.93,1.6908,1.7995,20.6054
2019-06-18,53.9,1.7214,1.8278,19.8884
2019-06-19,53.76,1.7355,1.8294,20.4456
2019-06-20,56.65,1.7863,1.8843,19.7466
2019-06-21,57.43,1.8561,1.9158,21.362
2019-06-24,57.9,1.8549,1.9089,20.7618
2019-06-25,57.83,1.8772,1.9234,21.6592
2019-06-26,59.38,1.9704,1.9713,23.3894
2019-06-27,59.43,1.9466,1.9525,22.4098
2019-06-28,58.47,1.9425,1.9446,23.1444
2019-07-01,59.09,1.9305,1.9538,22.3172
2019-07-02,56.25,1.8703,1.8863,22.5266
2019-07-03,57.34,1.9167,1.8987,22.9094
2019-07-05,57.51,1.9295,1.905,23.186
2019-07-08,57.66,1.9013,1.8953,22.1106
2019-07-09,57.83,1.9269,1.9106,22.8716
2019-07-10,60.43,2.0052,1.991,23.5896
2019-07-11,60.2,1.9895,1.9786,23.2064
2019-07-12,60.21,1.977,1.9801,22.8674
2019-07-15,59.58,1.9303,1.9516,21.7908
2019-07-16,57.62,1.8918,1.9049,22.019
2019-07-17,56.78,1.8787,1.8926,22.32
2019-07-18,55.3,1.8342,1.8625,22.1326
2019-07-19,55.63,1.8405,1.8896,22.3584
2019-07-22,56.22,1.8279,1.8995,21.5542
2019-07-23,56.77,1.8605,1.9217,22.2278
2019-07-24,55.88,1.8551,1.9087,22.7846
2019-07-25,56.02,1.8803,1.9143,23.4286
2019-07-26,56.2,1.8744,1.9044,22.9448
2019-07-29,56.87,1.8634,1.9106,22.0536
2019-07-30,58.05,1.8969,1.944,22.2792
2019-07-31,58.58,1.902,1.955,22.046
2019-08-01,53.95,1.7499,1.8529,20.9878
2019-08-02,55.66,1.7815,1.8902,20.6848
2019-08-05,54.69,1.718,1.8356,19.1124
2019-08-06,53.63,1.6873,1.824,19.1504
2019-08-07,51.09,1.6203,1.7532,18.8232
2019-08-08,52.54,1.6457,1.7766,18.412
2019-08-09,54.5,1.674,1.808,17.684
2019-08-12,54.93,1.6652,1.8058,16.9768
2019-08-13,57.1,1.7364,1.8773,17.8014
2019-08-14,55.23,1.6758,1.8437,17.5042
2019-08-15,54.47,1.6364,1.8107,16.699
2019-08-16,54.87,1.6568,1.8128,16.8996
2019-08-19,56.21,1.6644,1.8331,16.0566
2019-08-20,56.34,1.6811,1.8543,16.691
2019-08-21,55.68,1.6938,1.8573,17.7486
2019-08-22,55.35,1.6675,1.8413,17.1182
2019-08-23,54.17,1.6428,1.8156,17.2468
2019-08-26,53.64,1.6165,1.7924,16.7156
2019-08-27,54.93,1.6499,1.8159,16.6898
2019-08-28,55.78,1.6824,1.851,17.2412
2019-08-29,56.71,1.6847,1.864,16.5576
2019-08-30,55.1,1.6134,1.8282,15.67
2019-09-03,53.94,1.4705,1.8033,12.4802
2019-09-04,56.26,1.5329,1.8802,12.984
2019-09-05,56.3,1.546,1.8885,13.427
2019-09-06,56.52,1.5742,1.9003,14.1618
2019-09-09,57.85,1.5846,1.9277,13.5066
2019-09-10,57.4,1.5908,1.9312,14.1792
2019-09-11,55.75,1.5699,1.9032,14.852
2019-09-12,55.09,1.553,1.8851,14.7854
2019-09-13,54.85,1.5531,1.8778,14.926
2019-09-16,62.9,1.7524,2.0838,15.3404
2019-09-17,59.34,1.6751,1.9896,15.4172
2019-09-18,58.11,1.6577,1.9733,15.9318
2019-09-19,58.13,1.7007,2.0049,17.5582
2019-09-20,58.09,1.6784,1.9863,16.7134
2019-09-23,58.64,1.6838,1.997,16.4644
2019-09-24,57.29,1.6543,1.9676,16.5768
2019-09-25,56.49,1.6252,1.9539,16.3702
2019-09-26,56.41,1.6612,1.9551,17.475
2019-09-27,55.91,1.6514,1.9416,17.5116
2019-09-30,54.07,1.6049,1.9056,17.5456
2019-10-01,53.62,1.5737,1.8985,17.0226
2019-10-02,52.64,1.5455,1.873,16.856
2019-10-03,52.45,1.5559,1.876,17.3792
2019-10-04,52.81,1.5734,1.8945,17.7682
2019-10-07,52.75,1.5694,1.9033,17.8394
2019-10-08,52.63,1.5809,1.9101,18.3766
2019-10-09,52.59,1.5871,1.9193,18.719
2019-10-10,53.55,1.6233,1.9208,18.7936
2019-10-11,54.7,1.6388,1.9576,18.5928
2019-10-14,53.59,1.6132,1.9151,18.391
2019-10-15,52.81,1.6144,1.91,19.1332
2019-10-16,53.36,1.6248,1.9426,19.3308
2019-10-17,53.93,1.6225,1.9481,18.7734
2019-10-18,53.78,1.623,1.9471,18.9234
2019-10-21,53.31,1.6072,1.9406,18.86
2019-10-22,54.16,1.6089,1.9437,18.101
2019-10-23,55.97,1.6519,1.9643,17.7834
2019-10-24,56.23,1.6632,1.9863,18.1478
2019-10-25,56.66,1.673,1.9796,17.8984
2019-10-28,55.81,1.6728,1.9618,18.4936
2019-10-29,55.54,1.6857,1.9563,19.0478
2019-10-30,55.06,1.6645,1.9136,18.3364
2019-10-31,54.18,1.6312,1.878,17.7856
2019-11-01,56.2,1.6557,1.9331,17.223
2019-11-04,56.54,1.6637,1.9405,17.2106
2019-11-05,57.23,1.6746,1.9566,17.0512
2019-11-06,56.35,1.6262,1.9278,16.1728
2019-11-07,57.15,1.6355,1.9203,15.5282
2019-11-08,57.24,1.6337,1.9181,15.357
2019-11-11,56.86,1.6099,1.9142,15.016
2019-11-12,56.8,1.6144,1.8976,14.9696
2019-11-13,57.12,1.6365,1.9125,15.477
2019-11-14,56.77,1.6158,1.9179,15.323
2019-11-15,57.72,1.635,1.948,15.332
2019-11-18,57.05,1.621,1.9047,15.0038
2019-11-19,55.21,1.6037,1.8574,15.6972
2019-11-20,57.11,1.6563,1.8921,15.7558
2019-11-21,58.58,1.7044,1.9447,16.369
2019-11-22,57.77,1.6743,1.9294,16.122
2019-11-25,58.01,1.6748,1.9443,16.1046
2019-11-26,58.41,1.7047,1.9606,16.77
2019-11-27,58.11,1.6792,1.9465,16.1586
2019-11-29,55.17,1.597,1.8789,15.8506
2019-12-02,55.96,1.5733,1.886,14.4964
2019-12-03,56.1,1.5629,1.8799,13.9798
2019-12-04,58.43,1.6042,1.9229,13.4082
2019-12-05,58.43,1.6211,1.933,14.0228
2019-12-06,59.2,1.6474,1.9521,14.2566
2019-12-09,59.02,1.6548,1.9442,14.5332
2019-12-10,59.24,1.6525,1.9655,14.547
2019-12-11,58.76,1.6261,1.9288,13.774
2019-12-12,59.18,1.6283,1.9508,13.7236
2019-12-13,60.07,1.6632,1.9864,14.3092
2019-12-16,60.21,1.6627,2.0045,14.4086
2019-12-17,60.94,1.6857,2.0334,14.7272
2019-12-18,60.93,1.6838,2.0203,14.5006
2019-12-19,61.22,1.7068,2.0295,14.9834
2019-12-20,60.44,1.7058,2.0218,15.6276
2019-12-23,60.52,1.7051,2.0222,15.5336
2019-12-24,61.11,1.727,2.0363,15.7542
2019-12-26,61.68,1.7537,2.0521,16.153
2019-12-27,61.72,1.7473,2.0496,15.8988
2019-12-30,61.68,1.7283,2.0406,15.2808
2019-12-31,61.06,1.6978,2.0283,14.8746
2020-01-02,61.18,1.7042,2.0241,14.875
2020-01-03,63.05,1.7488,2.0614,14.776
2020-01-06,63.27,1.7544,2.0339,14.3278
2020-01-07,62.7,1.7222,2.0324,13.9752
2020-01-08,59.61,1.6488,1.9582,13.9712
2020-01-09,59.56,1.6527,1.9501,14.017
2020-01-10,59.04,1.6596,1.9284,14.4264
2020-01-13,58.08,1.6573,1.898,14.8964
2020-01-14,58.23,1.6544,1.9103,14.8374
2020-01-15,57.81,1.6368,1.8779,14.311
2020-01-16,58.52,1.6548,1.86,13.8544
2020-01-17,58.54,1.6406,1.8592,13.4256
2020-01-21,58.34,1.6365,1.8292,13.0908
2020-01-22,56.74,1.5796,1.8002,12.6916
2020-01-23,55.59,1.5602,1.7916,13.178
2020-01-24,54.19,1.5152,1.734,12.5116
2020-01-27,53.14,1.484,1.6795,11.925
2020-01-28,53.48,1.5032,1.7159,12.6322
2020-01-29,53.33,1.5308,1.7035,13.3814
2020-01-30,52.14,1.4937,1.6396,12.638
2020-01-31,51.56,1.4887,1.6245,12.8666
2020-02-03,50.11,1.4737,1.5779,13.2442
2020-02-04,49.61,1.4432,1.5839,12.9742
2020-02-05,50.75,1.4863,1.6454,13.902
2020-02-06,50.95,1.498,1.6654,14.3096
2020-02-07,50.32,1.5239,1.6433,15.3554
2020-02-10,49.57,1.5213,1.6125,15.6014
2020-02-11,49.94,1.5142,1.6267,15.2314
2020-02-12,51.17,1.581,1.6757,16.5578
2020-02-13,51.42,1.5802,1.6805,16.3526
2020-02-14,52.05,1.5833,1.6982,16.0572
2020-02-18,52.05,1.6148,1.6724,16.578
2020-02-19,53.29,1.6633,1.7068,17.1776
2020-02-20,53.78,1.6697,1.6976,16.738
2020-02-21,53.38,1.6506,1.6866,16.4492
2020-02-24,51.43,1.6091,1.6132,16.2096
2020-02-25,49.9,1.5324,1.5685,14.9662
2020-02-26,48.73,1.4549,1.4994,12.9988
2020-02-27,47.09,1.4106,1.4892,13.2556
2020-02-28,44.76,1.3955,1.4906,15.1824
2020-03-02,46.75,1.5396,1.5287,17.7606
2020-03-03,47.18,1.5313,1.533,17.1584
2020-03-04,46.78,1.5555,1.5332,18.2388
2020-03-05,45.9,1.5218,1.4885,17.5494
2020-03-06,41.28,1.389,1.3852,17.0048
2020-03-09,31.13,1.1369,1.1629,16.9838
2020-03-10,34.36,1.1571,1.2499,15.5374
2020-03-11,32.98,1.1103,1.238,15.4404
2020-03-12,31.5,0.8975,1.1598,9.8672
2020-03-13,31.73,0.8992,1.1374,9.3712
2020-03-16,28.7,0.6899,1.0466,5.2696
2020-03-17,26.95,0.7114,1.0357,7.469
2020-03-18,20.37,0.6377,0.9542,10.8444
2020-03-19,25.22,0.685,1.0417,8.5438
2020-03-20,22.43,0.6054,1.0063,8.6094
2020-03-23,23.36,0.4118,1.0161,2.3958
2020-03-24,24.01,0.4437,1.0803,3.5378
2020-03-25,24.49,0.5468,1.0978,6.1896
2020-03-26,22.6,0.5438,1.0503,7.3306
2020-03-27,21.51,0.5737,1.0685,9.5126
2020-03-30,20.09,0.5855,1.0194,10.5756
2020-03-31,20.48,0.5732,1.0121,9.739
2020-04-01,20.31,0.5465,0.9323,8.0442
2020-04-02,25.32,0.6628,0.9951,7.1698
2020-04-03,28.34,0.6916,1.0706,6.0132
2020-04-06,26.08,0.7016,1.0457,8.2046
2020-04-07,23.63,0.6482,1.0275,8.9046
2020-04-08,25.09,0.678,1.0107,8.0438
2020-04-09,22.76,0.6773,0.9726,9.8208
2020-04-13,22.41,0.7033,0.9946,11.2068
2020-04-14,20.11,0.72,0.9442,13.2688
2020-04-15,19.87,0.7204,0.9138,13.0944
2020-04-16,19.87,0.7051,0.9463,13.121
2020-04-17,18.27,0.7107,0.9563,15.0178
2020-04-20,-37.63,0.6683,0.8878,68.7716
2020-04-21,10.01,0.5103,0.7269,14.455
2020-04-22,13.78,0.6384,0.7311,14.3306
2020-04-23,16.5,0.6436,0.7345,11.8038
2020-04-24,16.94,0.6612,0.6467,10.6274
2020-04-27,12.78,0.6483,0.6104,13.918
2020-04-28,12.34,0.6672,0.6308,15.1728
2020-04-29,15.06,0.7272,0.6945,15.0246
2020-04-30,18.84,0.6978,0.7319,10.945
2020-05-01,19.78,0.7663,0.7961,12.8218
2020-05-04,20.39,0.8215,0.8031,13.8554
2020-05-05,24.56,0.9013,0.896,13.2204
2020-05-06,23.99,0.8769,0.824,12.0992
2020-05-07,23.55,0.9314,0.8371,14.2486
2020-05-08,24.74,0.9522,0.8993,14.5118
2020-05-11,24.14,0.9242,0.8687,13.8994
2020-05-12,25.78,0.9185,0.8384,11.6756
2020-05-13,25.29,0.8527,0.8314,10.2252
2020-05-14,27.56,0.9145,0.8948,10.5732
2020-05-15,29.43,0.9702,0.9204,10.6212
2020-05-18,31.82,1.0258,1.0064,10.992
2020-05-19,32.5,1.0452,0.9736,10.396
2020-05-20,33.49,1.0438,0.9906,9.6048
2020-05-21,33.92,1.0451,0.989,9.1888
2020-05-22,33.25,1.0382,0.982,9.5676
2020-05-26,34.35,1.0489,0.9908,8.8904
2020-05-27,32.81,0.9933,0.9721,8.6118
2020-05-28,33.71,0.9985,0.9256,7.2064
2020-05-29,35.49,1.0259,0.9647,6.741
2020-06-01,35.44,1.0667,1.029,8.8336
2020-06-02,36.81,1.1183,1.0921,9.7918
2020-06-03,37.29,1.1193,1.0646,8.9548
2020-06-04,37.41,1.149,1.0741,9.7994
2020-06-05,39.55,1.2136,1.1506,10.5392
2020-06-08,38.19,1.195,1.1213,10.9682
2020-06-09,38.94,1.2103,1.1547,11.1142
2020-06-10,39.6,1.2099,1.173,10.6992
2020-06-11,36.34,1.1188,1.088,10.2184
2020-06-12,36.26,1.1243,1.1014,10.64
2020-06-15,37.12,1.1657,1.137,11.4376
2020-06-16,38.38,1.2073,1.1822,11.9752
2020-06-17,37.96,1.2153,1.182,12.6164
2020-06-18,38.84,1.2577,1.1986,13.156
2020-06-19,39.75,1.2716,1.2114,12.8144
2020-06-22,40.46,1.2913,1.2186,12.7568
2020-06-23,40.37,1.2994,1.203,12.8552
2020-06-24,38.01,1.1964,1.1508,11.6004
2020-06-25,38.72,1.1942,1.1556,10.896
2020-06-26,38.49,1.1533,1.1363,9.7106
2020-06-29,39.7,1.1841,1.1654,9.7704
2020-06-30,39.27,1.2001,1.1781,10.8262
2020-07-01,39.82,1.2169,1.1996,11.0476
2020-07-02,40.65,1.2592,1.2311,11.843
2020-07-06,40.63,1.2408,1.2417,11.4962
2020-07-07,40.62,1.275,1.2433,12.4862
2020-07-08,40.9,1.2909,1.2344,12.5268
2020-07-09,39.62,1.2505,1.2239,12.5286
2020-07-10,40.55,1.2831,1.2412,12.7536
2020-07-13,40.1,1.2734,1.2235,12.6842
2020-07-14,40.29,1.2474,1.2208,11.7284
2020-07-15,41.2,1.2645,1.2448,11.6332
2020-07-16,40.75,1.2339,1.2279,10.9898
2020-07-17,40.59,1.2245,1.2191,10.7634
2020-07-20,40.81,1.2285,1.2355,10.885
2020-07-21,41.96,1.2797,1.28,11.7916
2020-07-22,41.9,1.2828,1.2707,11.8082
2020-07-23,41.07,1.2586,1.2541,11.7282
2020-07-24,41.29,1.2848,1.2563,12.2726
2020-07-27,41.6,1.2747,1.2541,11.649
2020-07-28,41.04,1.2656,1.2421,11.7862
2020-07-29,41.27,1.2415,1.2533,11.0382
2020-07-30,39.92,1.2204,1.2119,11.2178
2020-07-31,40.27,1.1871,1.2171,10.0082
2020-08-03,41.01,1.2131,1.2409,10.3294
2020-08-04,41.7,1.2143,1.2584,9.918
2020-08-05,42.19,1.2228,1.2631,9.7318
2020-08-06,41.95,1.2281,1.2499,9.9354
2020-08-07,41.22,1.2076,1.2199,9.6714
2020-08-10,41.94,1.2293,1.2369,9.797
2020-08-11,41.61,1.2045,1.2384,9.4536
2020-08-12,42.67,1.2438,1.2572,9.7572
2020-08-13,42.24,1.2348,1.2381,9.6678
2020-08-14,42.01,1.2446,1.2367,10.1526
2020-08-17,42.89,1.27,1.2391,10.0174
2020-08-18,42.89,1.283,1.2604,10.6796
2020-08-19,42.93,1.2905,1.251,10.718
2020-08-20,42.58,1.2965,1.2467,11.1758
2020-08-21,42.34,1.2841,1.208,10.5268
2020-08-24,42.62,1.3671,1.2476,13.1252
2020-08-25,43.35,1.3959,1.2601,13.3766
2020-08-26,43.39,1.3606,1.2447,12.1326
2020-08-27,43.04,1.2845,1.2107,9.8758
2020-08-28,42.97,1.3155,1.2162,10.8908
2020-08-31,42.61,1.2761,1.1961,9.8662
2020-09-01,42.76,1.2247,1.2308,8.7628
2020-09-02,41.51,1.202,1.1885,8.785
2020-09-03,41.37,1.2049,1.1677,8.715
2020-09-04,39.77,1.1772,1.1515,9.3126
2020-09-08,36.76,1.1028,1.0768,9.1936
2020-09-09,38.05,1.1193,1.1061,8.7758
2020-09-10,37.3,1.0977,1.0824,8.5892
2020-09-11,37.33,1.0949,1.0896,8.5816
2020-09-14,37.26,1.1068,1.0934,9.038
2020-09-15,38.28,1.1381,1.0993,8.977
2020-09-16,40.16,1.1889,1.1163,8.7574
2020-09-17,40.97,1.2244,1.1598,9.5504
2020-09-18,41.11,1.2366,1.159,9.7408
2020-09-21,39.31,1.1771,1.1073,9.151
2020-09-22,39.6,1.1643,1.0961,8.3458
2020-09-23,39.93,1.1813,1.1075,8.6514
2020-09-24,40.31,1.1957,1.1167,8.8034
2020-09-25,40.25,1.2142,1.1262,9.5144
2020-09-28,40.6,1.2466,1.1395,10.2578
2020-09-29,39.29,1.2017,1.109,9.8836
2020-09-30,40.22,1.2008,1.1454,9.438
2020-10-01,38.72,1.1524,1.125,9.2972
2020-10-02,37.05,1.1235,1.085,9.598
2020-10-05,39.22,1.1941,1.1333,10.081
2020-10-06,40.67,1.2351,1.1886,10.5532
2020-10-07,39.95,1.2009,1.1608,9.9264
2020-10-08,41.19,1.2316,1.1923,9.987
2020-10-09,40.6,1.2032,1.1933,9.7958
2020-10-12,39.43,1.1757,1.1571,9.689
2020-10-13,40.2,1.1827,1.169,9.2816
2020-10-14,41.04,1.1971,1.1925,9.1738
2020-10-15,40.96,1.18,1.1887,8.7218
2020-10-16,40.88,1.1688,1.1791,8.3538
2020-10-19,40.83,1.1623,1.1581,7.9278
2020-10-20,41.46,1.1879,1.1735,8.2302
2020-10-21,40.03,1.1403,1.1399,7.857
2020-10-22,40.64,1.1581,1.1607,8.0366
2020-10-23,39.85,1.1389,1.1513,8.1574
2020-10-26,38.56,1.1116,1.1218,8.27
2020-10-27,39.57,1.1434,1.1577,8.653
2020-10-28,37.39,1.0814,1.1142,8.488
2020-10-29,36.17,1.0515,1.0884,8.5096
2020-10-30,35.79,1.0495,1.0813,8.7342
2020-11-02,36.81,1.052,1.1123,8.2182
2020-11-03,37.66,1.0769,1.1271,8.2726
2020-11-04,39.15,1.1081,1.1735,8.3058
2020-11-05,38.79,1.1159,1.1696,8.8296
2020-11-06,37.14,1.0844,1.1426,9.2196
2020-11-09,40.29,1.1607,1.2167,9.2434
2020-11-10,41.36,1.1941,1.2525,9.6098
2020-11-11,41.45,1.1759,1.2458,8.9164
2020-11-12,41.12,1.1571,1.2333,8.545
2020-11-13,40.13,1.1254,1.2042,8.24
2020-11-16,41.34,1.1468,1.2289,7.975
2020-11-17,41.43,1.1532,1.2391,8.207
2020-11-18,41.82,1.1629,1.264,8.4372
2020-11-19,41.74,1.1625,1.2707,8.5998
2020-11-20,42.15,1.1752,1.2863,8.7638
2020-11-23,43.06,1.204,1.3105,8.999
2020-11-24,44.91,1.2582,1.3595,9.3526
2020-11-25,45.71,1.2875,1.3866,9.7524
2020-11-27,45.53,1.282,1.3805,9.693
2020-11-30,45.34,1.2489,1.3559,8.6118
2020-12-01,44.55,1.2204,1.3473,8.4834
2020-12-02,45.28,1.2399,1.3662,8.564
2020-12-03,45.64,1.2617,1.3933,9.1938
2020-12-04,46.26,1.2685,1.403,8.9
2020-12-07,45.76,1.2558,1.3992,8.9912
2020-12-08,45.6,1.2559,1.4067,9.259
2020-12-09,45.52,1.2759,1.3989,9.7898
2020-12-10,46.78,1.3166,1.4357,10.1846
2020-12-11,46.57,1.3077,1.4369,10.1622
2020-12-14,46.99,1.3191,1.4544,10.3064
2020-12-15,47.62,1.3268,1.4644,10.032
2020-12-16,47.82,1.3529,1.4779,10.7518
2020-12-17,48.36,1.3881,1.4952,11.4396
2020-12-18,49.1,1.3956,1.513,11.1588
2020-12-21,47.74,1.3604,1.4774,11.0348
2020-12-22,47.02,1.3395,1.4616,10.9484
2020-12-23,48.12,1.382,1.4975,11.541
2020-12-24,48.23,1.3789,1.49,11.2392
2020-12-28,47.62,1.3677,1.479,11.3816
2020-12-29,48.0,1.3879,1.4868,11.6764
2020-12-30,48.4,1.412,1.4898,11.9932
2020-12-31,48.52,1.4084,1.4763,11.5834
2021-01-04,47.62,1.3729,1.462,11.2892
2021-01-05,49.93,1.4521,1.5189,11.9934
2021-01-06,50.63,1.475,1.5287,12.0718
2021-01-07,50.83,1.4827,1.5381,12.219
2021-01-08,52.24,1.5423,1.5795,13.0574
2021-01-11,52.25,1.5208,1.5735,12.3614
2021-01-12,53.21,1.553,1.5967,12.6278
2021-01-13,52.91,1.5488,1.5989,12.841
2021-01-14,53.57,1.5539,1.6194,12.6108
2021-01-15,52.36,1.5284,1.5929,12.7358
2021-01-19,52.98,1.5381,1.5987,12.4686
2021-01-20,53.24,1.5439,1.6004,12.3948
2021-01-21,53.13,1.5479,1.6006,12.6196
2021-01-22,52.27,1.5487,1.576,13.1576
2021-01-25,52.77,1.5611,1.5939,13.2554
2021-01-26,52.61,1.5807,1.5984,14.0272
2021-01-27,52.85,1.5771,1.6089,13.8334
2021-01-28,52.34,1.5829,1.6017,14.405
2021-01-29,52.2,1.5725,1.6004,14.2356
2021-02-01,53.55,1.5901,1.6469,14.0294
2021-02-02,54.76,1.616,1.6746,13.9324
2021-02-03,55.69,1.6486,1.6905,14.1378
2021-02-04,56.23,1.6448,1.7005,13.6314
2021-02-05,56.85,1.6493,1.7137,13.3222
2021-02-08,57.97,1.6748,1.7478,13.3936
2021-02-09,58.36,1.6736,1.7567,13.0946
2021-02-10,58.68,1.6534,1.761,12.2692
2021-02-11,58.24,1.6502,1.7446,12.39
2021-02-12,59.47,1.6925,1.7714,12.7196
2021-02-16,60.05,1.7729,1.8144,14.9928
2021-02-17,61.14,1.8105,1.8377,15.2818
2021-02-18,60.52,1.7943,1.8364,15.43
2021-02-19,59.24,1.8069,1.8229,16.8738
2021-02-22,61.49,1.8417,1.8586,16.098
2021-02-23,61.67,1.8586,1.868,16.5228
2021-02-24,63.22,1.8956,1.9083,16.573
2021-02-25,63.53,1.8923,1.9066,16.1468
2021-02-26,61.5,1.877,1.8565,17.047
2021-03-01,60.64,1.9429,1.8192,19.23
2021-03-02,59.75,1.9364,1.8081,19.7826
2021-03-03,61.28,1.9518,1.8357,19.0702
2021-03-04,63.83,1.9979,1.896,18.6552
2021-03-05,66.09,2.0647,1.944,18.9376
2021-03-08,65.05,2.0487,1.9085,19.0326
2021-03-09,64.01,2.0502,1.9073,20.0978
2021-03-10,64.44,2.0795,1.9173,20.6282
2021-03-11,66.02,2.138,1.9594,21.2756
2021-03-12,65.61,2.15,1.9675,22.135
2021-03-15,65.39,2.1046,1.9489,20.8234
2021-03-16,64.8,2.1012,1.9327,21.0914
2021-03-17,64.6,2.0471,1.9061,19.4042
2021-03-18,60.0,1.9441,1.7842,19.4136
2021-03-19,61.42,1.9431,1.8223,18.499
2021-03-22,61.55,1.9598,1.8293,18.9346
2021-03-23,57.76,1.8964,1.7489,19.8238
2021-03-24,61.18,1.989,1.8256,20.0704
2021-03-25,58.56,1.9209,1.7478,19.6944
2021-03-26,60.97,1.9673,1.81,19.4544
2021-03-29,61.56,1.9952,1.8098,19.6428
2021-03-30,60.55,1.989,1.7892,20.1908
2021-03-31,59.16,1.9533,1.7713,20.3306
2021-04-01,61.45,2.0223,1.8316,20.8168
2021-04-05,58.65,1.9611,1.7724,21.0744
2021-04-06,59.33,1.9663,1.7941,20.8438
2021-04-07,59.77,1.9518,1.8079,20.191
2021-04-08,59.6,1.9593,1.8098,20.5976
2021-04-09,59.32,1.9621,1.8076,20.9252
2021-04-12,59.7,1.97,1.808,20.772
2021-04-13,60.18,1.9757,1.8145,20.5426
2021-04-14,63.15,2.0355,1.89,20.304
2021-04-15,63.46,2.0518,1.8989,20.575
2021-04-16,63.13,2.0399,1.8957,20.527
2021-04-19,63.38,2.0445,1.8925,20.361
2021-04-20,62.44,2.0174,1.8801,20.3686
2021-04-21,61.35,1.9834,1.8537,20.137
2021-04-22,61.43,1.9747,1.8608,19.9128
2021-04-23,62.14,1.9957,1.8735,19.9686
2021-04-26,61.91,1.9786,1.8785,19.7898
2021-04-27,62.94,2.0204,1.9057,20.311
2021-04-28,63.86,2.0722,1.9386,21.302
2021-04-29,65.01,2.0999,1.9614,21.2468
2021-04-30,63.58,2.0698,1.9211,21.2698
2021-05-03,64.49,2.1015,1.9519,21.6786
2021-05-04,65.69,2.1512,1.9988,22.5268
2021-05-05,65.63,2.1513,2.0025,22.6414
2021-05-06,64.71,2.1137,1.9895,22.3266
2021-05-07,64.9,2.1269,2.0106,22.8016
2021-05-10,64.92,2.1334,2.0166,23.0476
2021-05-11,65.28,2.1399,2.0417,23.221
2021-05-12,66.08,2.161,2.0695,23.401
2021-05-13,63.82,2.0953,2.0009,22.861
2021-05-14,65.37,2.1266,2.0362,22.6816
2021-05-17,66.27,2.1583,2.0604,23.008
2021-05-18,65.49,2.1609,2.0564,23.8048
2021-05-19,63.36,2.102,2.0071,23.5954
2021-05-20,62.05,2.0472,1.9644,22.7732
2021-05-21,63.58,2.0685,1.9882,22.1728
2021-05-24,66.05,2.1177,2.042,21.8336
2021-05-25,66.07,2.1173,2.0354,21.71
2021-05-26,66.21,2.1501,2.0452,22.6256
2021-05-27,66.85,2.1518,2.0564,22.19
2021-05-28,66.32,2.1402,2.0445,22.2286
2021-06-01,67.72,2.1704,2.0715,22.0522
2021-06-02,68.83,2.1941,2.1071,22.1042
2021-06-03,68.81,2.2018,2.1017,22.2642
2021-06-04,69.62,2.2115,2.1199,21.9806
2021-06-07,69.23,2.1931,2.1156,21.7952
2021-06-08,70.05,2.219,2.135,21.972
2021-06-09,69.96,2.2025,2.1295,21.523
2021-06-10,70.29,2.2122,2.1434,21.6592
2021-06-11,70.91,2.1861,2.1207,19.9906
2021-06-14,70.88,2.1712,2.1116,19.476
2021-06-15,72.12,2.1705,2.1123,18.2262
2021-06-16,72.15,2.1562,2.1034,17.6712
2021-06-17,71.04,2.1342,2.0668,17.6528
2021-06-18,71.64,2.1683,2.0932,18.3772
2021-06-21,73.66,2.1969,2.1268,17.6284
2021-06-22,73.06,2.2243,2.151,19.3344
2021-06-23,73.08,2.2669,2.1594,20.6248
2021-06-24,73.3,2.2809,2.1623,20.8374
2021-06-25,74.05,2.2639,2.1493,19.4294
2021-06-28,72.91,2.2166,2.1182,18.8096
2021-06-29,72.98,2.239,2.1219,19.4186
2021-06-30,73.47,2.2444,2.1287,19.175
2021-07-01,75.23,2.2676,2.1562,18.4496
2021-07-02,75.16,2.2998,2.1791,19.7418
2021-07-06,73.37,2.2282,2.1049,18.4882
2021-07-07,72.2,2.206,2.0891,18.8154
2021-07-08,72.94,2.2552,2.1204,19.8912
2021-07-09,74.56,2.292,2.1552,19.7888
2021-07-12,74.1,2.2772,2.1498,19.7588
2021-07-13,75.25,2.3183,2.1844,20.244
2021-07-14,73.13,2.2935,2.1435,21.097
2021-07-15,71.65,2.2503,2.1126,20.9348
2021-07-16,71.81,2.2536,2.1133,20.877
2021-07-19,66.42,2.1104,1.9852,20.464
2021-07-20,67.42,2.1315,2.0127,20.4398
2021-07-21,70.3,2.2167,2.087,20.9856
2021-07-22,71.91,2.2732,2.1326,21.596
2021-07-23,72.07,2.2913,2.1339,21.961
2021-07-26,71.91,2.3083,2.151,22.8364
2021-07-27,71.65,2.3141,2.1439,23.1594
2021-07-28,72.39,2.3082,2.156,22.4236
2021-07-29,73.62,2.3514,2.1894,22.8708
2021-07-30,73.95,2.3659,2.1994,23.0868
2021-08-02,71.26,2.2747,2.1358,22.3328
2021-08-03,70.56,2.2708,2.1264,22.792
2021-08-04,68.15,2.25,2.0741,23.8874
2021-08-05,69.09,2.294,2.106,24.626
2021-08-06,68.28,2.2569,2.0845,24.0962
2021-08-09,66.48,2.2348,2.0421,24.6838
2021-08-10,68.29,2.2679,2.0802,24.334
2021-08-11,69.25,2.3022,2.1058,24.6928
2021-08-12,69.09,2.2754,2.1039,24.0758
2021-08-13,68.44,2.2626,2.0779,24.0034
2021-08-16,67.29,2.2009,2.0483,23.0114
2021-08-17,66.59,2.1656,2.0361,22.5522
2021-08-18,65.46,2.1477,2.0212,22.9724
2021-08-19,63.69,2.0815,1.969,22.158
2021-08-20,62.32,2.0236,1.9082,21.0556
2021-08-23,65.64,2.1232,2.0051,21.881
2021-08-24,67.54,2.1808,2.0668,22.4576
2021-08-25,68.36,2.3008,2.1182,25.7172
2021-08-26,67.42,2.2554,2.0832,24.896
2021-08-27,68.74,2.2742,2.1092,24.4664
2021-08-30,69.21,2.3127,2.1403,25.5098
2021-08-31,68.5,2.2826,2.131,25.2468
2021-09-01,68.59,2.1109,2.1289,20.3198
2021-09-02,69.99,2.1635,2.1677,20.9358
2021-09-03,69.29,2.154,2.1594,21.2536
2021-09-07,68.35,2.13,2.1216,20.9924
2021-09-08,69.3,2.1321,2.1364,20.3084
2021-09-09,68.14,2.0997,2.1137,20.2434
2021-09-10,69.72,2.154,2.146,20.636
2021-09-13,70.45,2.1609,2.1583,20.2714
2021-09-14,70.46,2.1724,2.1613,20.6254
2021-09-15,72.61,2.2066,2.2053,20.049
2021-09-16,72.61,2.1812,2.211,19.4176
2021-09-17,71.97,2.1713,2.2091,19.7538
2021-09-20,70.29,2.1152,2.159,19.1616
2021-09-21,70.56,2.1052,2.1738,18.8188
2021-09-22,72.23,2.1239,2.2116,18.2016
2021-09-23,73.3,2.1715,2.2491,18.9894
2021-09-24,73.98,2.1875,2.2671,19.0094
2021-09-27,75.45,2.2237,2.296,18.9576
2021-09-28,75.29,2.2019,2.289,18.4092
2021-09-29,74.83,2.2293,2.3075,19.8954
2021-09-30,75.03,2.2536,2.3417,20.8546
2021-10-01,75.88,2.25,2.3827,20.4778
2021-10-04,77.62,2.3085,2.4366,21.1304
2021-10-05,78.93,2.3579,2.4936,22.0016
2021-10-06,77.43,2.3082,2.442,21.3876
2021-10-07,78.3,2.3344,2.4596,21.4976
2021-10-08,79.35,2.3662,2.4737,21.5354
2021-10-11,80.52,2.3779,2.515,21.2712
2021-10-12,80.64,2.3829,2.51,21.2212
2021-10-13,80.44,2.4055,2.5211,22.2094
2021-10-14,81.31,2.435,2.5614,22.7296
2021-10-15,82.28,2.4864,2.5737,23.371
2021-10-18,82.44,2.4866,2.5492,22.8736
2021-10-19,82.96,2.4755,2.5607,22.2038
2021-10-20,83.87,2.5084,2.5923,22.6574
2021-10-21,82.5,2.4801,2.5491,22.6302
2021-10-22,83.76,2.4821,2.5389,21.2834
2021-10-25,83.76,2.5162,2.5647,22.5994
2021-10-26,84.65,2.5168,2.5773,21.9026
2021-10-27,82.66,2.4497,2.5148,21.1388
2021-10-28,82.81,2.435,2.5165,20.601
2021-10-29,83.57,2.462,2.4964,20.3156
2021-11-01,84.05,2.4093,2.5031,18.4538
2021-11-02,83.91,2.4501,2.5082,19.8076
2021-11-03,80.86,2.3385,2.4345,18.701
2021-11-04,78.81,2.2926,2.4066,19.0752
2021-11-05,81.27,2.3209,2.4556,18.0936
2021-11-08,81.93,2.3222,2.4671,17.631
2021-11-09,84.15,2.3752,2.5081,17.469
2021-11-10,81.34,2.2972,2.4521,17.311
2021-11-11,81.59,2.3178,2.4471,17.5678
2021-11-12,80.79,2.3114,2.4037,17.581
2021-11-15,80.88,2.3288,2.3981,17.8998
2021-11-16,80.76,2.3497,2.4309,19.0642
2021-11-17,78.36,2.2803,2.3644,18.59
2021-11-18,79.01,2.2943,2.384,18.6064
2021-11-19,76.1,2.2119,2.2934,17.9408
2021-11-22,76.75,2.2602,2.3254,19.0912
2021-11-23,78.5,2.3372,2.3843,20.3218
2021-11-24,78.39,2.3197,2.383,19.9236
2021-11-26,68.15,2.0294,2.0945,17.9962
2021-11-29,69.95,2.0771,2.1521,18.3382
2021-11-30,66.18,1.9801,2.0638,18.156
2021-12-01,65.57,1.9511,2.0771,18.1402
2021-12-02,66.5,1.9677,2.1034,18.0432
2021-12-03,66.26,1.9529,2.0984,17.7988
2021-12-06,69.49,2.0433,2.1712,18.1192
2021-12-07,72.05,2.1,2.2246,17.8944
2021-12-08,72.36,2.1485,2.2613,19.4562
2021-12-09,70.94,2.1284,2.2503,20.1594
2021-12-10,71.67,2.1372,2.2516,19.694
2021-12-13,71.29,2.1165,2.2328,19.2312
2021-12-14,70.73,2.1108,2.2184,19.43
2021-12-15,70.87,2.1275,2.2204,19.7856
2021-12-16,72.38,2.1778,2.2663,20.3266
2021-12-17,70.86,2.1217,2.2199,19.6262
2021-12-20,68.23,2.09,2.173,20.712
2021-12-21,71.12,2.1522,2.2578,20.7508
2021-12-22,72.76,2.168,2.3078,20.2532
2021-12-23,73.79,2.2061,2.3314,20.6204
2021-12-27,75.57,2.2339,2.3535,19.9282
2021-12-28,75.98,2.2471,2.3714,20.1384
2021-12-29,76.56,2.2717,2.3778,20.3368
2021-12-30,76.99,2.2968,2.3959,20.863
2021-12-31,75.21,2.2285,2.3301,19.8094
2022-01-03,76.08,2.2565,2.3574,20.1056
2022-01-04,76.99,2.2763,2.4095,20.4794
2022-01-05,77.85,2.2921,2.4461,20.5742
2022-01-06,79.46,2.3043,2.4777,19.7482
2022-01-07,78.9,2.2989,2.4818,20.2144
2022-01-10,78.23,2.2754,2.4876,20.3076
2022-01-11,81.22,2.3574,2.5636,20.6776
2022-01-12,82.64,2.3908,2.5942,20.6212
2022-01-13,82.12,2.3841,2.6085,21.1538
2022-01-14,83.82,2.419,2.6343,20.7922
2022-01-18,85.43,2.4318,2.674,20.0964
2022-01-19,86.96,2.457,2.6923,19.5282
2022-01-20,86.9,2.4622,2.6718,19.4468
2022-01-21,85.14,2.4424,2.6912,20.924
2022-01-24,83.31,2.398,2.6274,20.6176
2022-01-25,85.6,2.4595,2.6691,20.6334
2022-01-26,87.35,2.5229,2.744,21.7072
2022-01-27,86.61,2.521,2.7945,23.101
2022-01-28,86.82,2.5423,2.7855,23.3614
2022-01-31,88.15,2.5543,2.7592,21.9992
2022-02-01,88.2,2.5752,2.7412,22.2824
2022-02-02,88.26,2.607,2.7689,23.5006
2022-02-03,90.27,2.6427,2.8395,23.4786
2022-02-04,92.31,2.6785,2.8751,22.9394
2022-02-07,91.32,2.6853,2.8554,23.844
2022-02-08,89.36,2.6251,2.7926,23.2392
2022-02-09,89.66,2.6534,2.8249,24.1838
2022-02-10,89.88,2.6654,2.8272,24.332
2022-02-11,93.1,2.7386,2.9109,24.3334
2022-02-14,95.46,2.7794,2.9618,23.8284
2022-02-15,92.07,2.6691,2.8595,22.6978
2022-02-16,93.66,2.6771,2.8575,21.3038
2022-02-17,91.76,2.6486,2.7862,21.4076
2022-02-18,91.07,2.6696,2.7815,22.6198
2022-02-22,92.35,2.7108,2.8188,23.0156
2022-02-23,92.1,2.7253,2.8292,23.8172
2022-02-24,92.81,2.771,2.8969,25.3346
2022-02-25,91.59,2.7273,2.8495,24.6674
2022-02-28,95.72,2.797,3.0134,24.7836
2022-03-01,103.41,3.0887,3.1511,27.189
2022-03-02,110.6,3.3083,3.4947,30.9582
2022-03-03,107.67,3.2844,3.5034,33.3408
2022-03-04,115.68,3.544,3.7763,36.4202
2022-03-07,119.4,3.5721,3.9215,35.5198
2022-03-08,123.7,3.6826,4.4373,41.535
2022-03-09,108.7,3.2938,3.4643,32.0266
2022-03-10,106.02,3.1567,3.2962,28.5144
2022-03-11,109.33,3.3121,3.4176,31.2552
2022-03-14,103.01,3.1689,3.2763,31.5874
2022-03-15,96.44,2.9981,3.0297,29.9226
2022-03-16,95.04,2.9875,3.1001,32.0114
2022-03-17,102.98,3.2166,3.4874,35.9084
2022-03-18,104.7,3.2388,3.5981,36.3598
2022-03-21,112.12,3.3716,3.8009,35.4974
2022-03-22,111.76,3.3307,3.8642,35.5984
2022-03-23,114.93,3.4387,4.1148,38.9608
2022-03-24,112.34,3.3897,4.1534,40.7192
2022-03-25,113.9,3.47,4.1146,40.8644
2022-03-28,105.96,3.2188,3.7834,37.134
2022-03-29,104.24,3.2033,3.7161,37.4778
2022-03-30,107.82,3.325,3.8085,38.599
2022-03-31,100.28,3.1896,3.6912,40.7056
2022-04-01,99.27,3.1535,3.424,36.964
2022-04-04,103.28,3.1981,3.5461,35.9122
2022-04-05,101.96,3.1649,3.4682,35.212
2022-04-06,96.23,3.0462,3.3452,35.8964
2022-04-07,96.03,3.0398,3.2678,34.8336
2022-04-08,98.26,3.1316,3.3176,35.8712
2022-04-11,94.29,3.0031,3.2677,35.5446
2022-04-12,100.6,3.1538,3.4644,36.208
2022-04-13,104.25,3.2913,3.7184,39.964
2022-04-14,106.95,3.3814,3.8548,41.6964
2022-04-18,108.21,3.3781,3.8908,40.848
2022-04-19,102.56,3.2474,3.8619,42.4338
2022-04-20,102.75,3.2848,3.9731,44.8478
2022-04-21,103.79,3.3386,3.9008,44.302
2022-04-22,102.07,3.305,3.9386,45.6104
2022-04-25,98.54,3.2398,4.0909,49.447
2022-04-26,101.7,3.3388,4.4679,54.337
2022-04-27,102.02,3.456,4.6743,60.1882
2022-04-28,105.36,3.5034,5.1354,64.6308
2022-04-29,104.69,3.4721,4.7817,59.4726
2022-05-02,105.17,3.5101,4.2049,51.9814
2022-05-03,102.41,3.5012,4.0827,52.7814
2022-05-04,107.81,3.6523,4.197,53.2124
2022-05-05,108.26,3.6587,4.0413,50.7618
2022-05-06,109.77,3.759,3.9543,50.8422
2022-05-09,103.09,3.6419,3.8349,52.5718
2022-05-10,99.76,3.5415,3.9322,54.4528
2022-05-11,105.71,3.6855,3.9512,52.8008
2022-05-12,106.13,3.7917,3.9161,54.863
2022-05-13,110.49,3.9578,3.9212,55.2252
2022-05-16,114.2,4.0229,3.9075,53.1462
2022-05-17,112.4,3.9417,3.7993,51.1578
2022-05-18,109.59,3.7206,3.6681,45.9402
2022-05-19,112.21,3.8317,3.792,48.1656
2022-05-20,113.23,3.837,3.7391,46.5534
2022-05-23,110.29,3.7977,3.7688,48.8088
2022-05-24,109.77,3.811,3.7818,49.8832
2022-05-25,110.33,3.8317,3.8664,51.0872
2022-05-26,114.09,3.8774,3.968,50.0292
2022-05-27,115.07,4.0158,4.0029,53.413
2022-05-31,114.67,4.0804,4.0909,56.8538
2022-06-01,115.26,4.0716,4.1433,56.751
2022-06-02,116.87,4.1909,4.2084,59.3928
2022-06-03,118.87,4.2522,4.2803,60.1158
2022-06-06,118.5,4.193,4.3601,59.9454
2022-06-07,119.41,4.1577,4.3206,57.494
2022-06-08,122.11,4.2219,4.3143,56.5034
2022-06-09,121.51,4.2762,4.4037,59.8754
2022-06-10,120.67,4.1722,4.3667,57.2854
2022-06-13,120.93,4.0353,4.2834,52.026
2022-06-14,118.93,3.9938,4.394,54.4124
2022-06-15,115.31,3.8942,4.547,57.3856
2022-06-16,117.59,3.9558,4.5713,57.1706
2022-06-17,109.56,3.793,4.3398,57.4012
2022-06-21,110.65,3.7945,4.3584,56.6136
2022-06-22,106.19,3.8341,4.4046,62.8292
2022-06-23,104.27,3.7656,4.3379,61.8974
2022-06-24,107.62,3.8848,4.3629,62.235
2022-06-27,109.57,3.8372,4.2302,57.0944
2022-06-28,111.76,3.9351,4.1994,57.2144
2022-06-29,109.78,3.827,4.0367,53.8898
2022-06-30,105.76,3.6498,3.8982,51.0092
2022-07-01,108.43,3.6878,3.9389,49.973
2022-07-05,99.5,3.329,3.6016,44.1344
2022-07-06,98.53,3.2366,3.4106,39.8432
2022-07-07,102.73,3.4204,3.6739,44.4758
2022-07-08,104.79,3.4471,3.6729,43.1494
2022-07-11,104.09,3.4622,3.7681,45.605
2022-07-12,95.84,3.2646,3.6626,46.8452
2022-07-13,96.3,3.2337,3.6659,45.5662
2022-07-14,95.78,3.1868,3.6494,44.542
2022-07-15,97.59,3.2132,3.699,44.1656
2022-07-18,102.6,3.2643,3.6555,39.9774
2022-07-19,104.22,3.3075,3.6268,39.1652
2022-07-20,102.26,3.2754,3.6043,39.9114
2022-07-21,96.35,3.1495,3.5903,42.1002
2022-07-22,94.7,3.2228,3.4556,43.9168
2022-07-25,96.7,3.382,3.5166,47.2284
2022-07-26,94.98,3.355,3.5839,49.1346
2022-07-27,97.26,3.4288,3.7173,50.7886
2022-07-28,96.42,3.4646,3.6863,52.197
2022-07-29,98.62,3.4881,3.6247,49.7926
2022-08-01,93.89,2.9981,3.44,38.2168
2022-08-02,94.42,3.0567,3.3804,38.4932
2022-08-03,90.66,2.9122,3.4148,38.6888
2022-08-04,88.54,2.7935,3.3372,36.3988
2022-08-05,89.01,2.8556,3.2159,35.9694
2022-08-08,90.76,2.8862,3.1791,34.561
2022-08-09,90.5,2.9602,3.3338,39.0588
2022-08-10,91.93,3.0703,3.4103,41.7826
2022-08-11,94.34,3.0715,3.484,40.438
2022-08-12,92.09,3.046,3.5178,42.4472
2022-08-15,89.41,2.9517,3.4403,41.4018
2022-08-16,86.53,2.9007,3.4802,43.4124
2022-08-17,88.11,2.9345,3.6174,44.6996
2022-08-18,90.5,3.0261,3.6497,45.3266
2022-08-19,90.77,3.0175,3.7005,45.527
2022-08-22,90.23,2.8912,3.7762,43.5904
2022-08-23,93.74,2.933,3.8419,42.1706
2022-08-24,94.89,2.8007,4.0132,39.7144
2022-08-25,92.52,2.8121,3.9491,41.5062
2022-08-26,93.06,2.8513,4.0076,42.8828
2022-08-29,97.01,2.8776,3.9099,38.3014
2022-08-30,91.64,2.6944,3.8171,37.2426
2022-08-31,89.55,2.6059,3.7154,35.4308
2022-09-01,86.61,2.3853,3.5612,30.0352
2022-09-02,86.87,2.4636,3.578,32.2028
2022-09-06,86.88,2.4159,3.5738,30.7984
2022-09-07,81.94,2.3077,3.586,32.8796
2022-09-08,83.54,2.3461,3.5401,31.7122
2022-09-09,86.79,2.4331,3.5787,31.4386
2022-09-12,87.78,2.4448,3.6031,31.1178
2022-09-13,87.31,2.4804,3.5413,31.7194
2022-09-14,88.48,2.5245,3.3789,29.5106
2022-09-15,85.1,2.4287,3.2052,27.7764
2022-09-16,85.11,2.4157,3.1725,26.9446
2022-09-19,85.73,2.4641,3.3108,29.616
2022-09-20,84.45,2.4478,3.3722,31.2992
2022-09-21,82.94,2.4865,3.3338,33.3552
2022-09-22,83.49,2.5157,3.4115,34.7106
2022-09-23,78.74,2.383,3.2371,33.3034
2022-09-26,76.71,2.3842,3.1291,33.855
2022-09-27,78.5,2.4931,3.2599,36.9454
2022-09-28,82.15,2.5779,3.4494,38.3228
2022-09-29,81.23,2.5076,3.4146,36.7872
2022-09-30,79.49,2.4726,3.369,36.9088
2022-10-03,83.63,2.5129,3.3691,33.8986
2022-10-04,86.52,2.683,3.5358,38.1052
2022-10-05,87.76,2.6685,3.6869,38.5746
2022-10-06,88.45,2.6814,3.8649,40.7378
2022-10-07,92.64,2.7346,4.0187,40.1906
2022-10-10,91.13,2.6228,3.9147,37.1142
2022-10-11,89.35,2.6273,3.9308,39.2456
2022-10-12,87.27,2.6303,3.9328,41.4376
2022-10-13,89.11,2.7034,4.0948,43.9124
2022-10-14,85.61,2.6309,3.9802,43.778
2022-10-17,85.46,2.5931,4.0852,44.3396
2022-10-18,82.82,2.5506,3.9935,44.5058
2022-10-19,85.55,2.6522,3.9043,43.3718
2022-10-20,85.98,2.6478,3.7568,40.7536
2022-10-21,85.05,2.662,3.8323,43.1382
2022-10-24,84.58,2.7302,3.9201,46.747
2022-10-25,85.32,2.916,3.9672,51.8688
2022-10-26,87.91,2.8994,4.1201,50.9546
2022-10-27,89.08,3.0116,4.3339,55.9194
2022-10-28,87.9,2.9066,4.5498,57.182
2022-10-31,86.53,2.8107,4.1909,50.8422
2022-11-01,88.37,2.5945,3.6211,34.9714
2022-11-02,90.0,2.6972,3.6774,37.0052
2022-11-03,88.17,2.6939,3.8653,41.3734
2022-11-04,92.61,2.7348,3.9148,38.7716
2022-11-07,91.79,2.6531,3.7811,35.4322
2022-11-08,88.91,2.6367,3.7707,37.7074
2022-11-09,85.83,2.5446,3.6563,36.607
2022-11-10,86.47,2.5663,3.5694,35.358
2022-11-11,88.96,2.6096,3.5553,33.883
2022-11-14,85.87,2.5285,3.544,34.544
2022-11-15,86.92,2.5161,3.6413,34.509
2022-11-16,85.59,2.508,3.6136,35.2244
2022-11-17,81.64,2.4547,3.5248,36.4388
2022-11-18,80.08,2.4208,3.5181,36.9558
2022-11-21,79.73,2.4371,3.4973,37.471
2022-11-22,80.95,2.5405,3.4713,38.7822
2022-11-23,77.94,2.4744,3.3593,38.3734
2022-11-25,76.28,2.3282,3.2391,34.257
2022-11-28,77.24,2.3306,3.2154,33.0324
2022-11-29,78.2,2.3321,3.2959,33.2414
2022-11-30,80.55,2.4185,3.3629,34.2486
2022-12-01,81.22,2.342,3.2624,30.0296
2022-12-02,79.98,2.2804,3.1685,28.2302
2022-12-05,76.93,2.2019,2.9998,26.7204
2022-12-06,74.25,2.1491,2.9155,26.7418
2022-12-07,72.01,2.0772,2.7805,25.0786
2022-12-08,71.46,2.0491,2.8798,26.232
2022-12-09,71.02,2.0561,2.7937,25.6626
2022-12-12,73.17,2.081,2.9685,26.657
2022-12-13,75.39,2.1609,3.0922,28.406
2022-12-14,77.28,2.2444,3.2768,31.4384
2022-12-15,76.11,2.1668,3.2834,30.528
2022-12-16,74.29,2.1323,3.1199,29.093
2022-12-19,75.19,2.1776,3.0535,28.5318
2022-12-20,76.09,2.2228,3.0589,28.973
2022-12-21,78.29,2.2558,3.1395,28.8254
2022-12-22,77.49,2.2488,3.1314,29.316
2022-12-23,79.56,2.3836,3.2661,32.9062
2022-12-27,79.53,2.3602,3.3537,33.5074
2022-12-28,78.96,2.3629,3.3778,34.4904
2022-12-29,78.4,2.3707,3.313,34.3616
2022-12-30,80.26,2.4595,3.3622,35.6768
2023-01-03,76.93,2.3612,3.0865,32.3946
2023-01-04,72.84,2.2592,2.9719,32.0242
2023-01-05,73.67,2.2671,2.9723,31.421
2023-01-06,73.77,2.2446,3.0045,31.1418
2023-01-09,74.63,2.2929,3.036,32.0752
2023-01-10,75.12,2.3277,3.1357,33.9554
2023-01-11,77.41,2.4345,3.2179,35.8066
2023-01-12,78.39,2.4753,3.219,35.9844
2023-01-13,79.86,2.5328,3.2559,36.641
2023-01-17,80.18,2.5451,3.251,36.5968
2023-01-18,79.48,2.5235,3.263,36.86
2023-01-19,80.33,2.5968,3.3759,39.643
2023-01-20,81.31,2.6454,3.4668,41.2964
2023-01-23,81.62,2.6965,3.5509,43.5946
2023-01-24,80.13,2.6487,3.4272,42.0144
2023-01-25,80.15,2.5934,3.3613,39.5234
2023-01-26,81.01,2.6121,3.3965,39.6798
2023-01-27,79.68,2.5886,3.2655,38.5178
2023-01-30,77.9,2.4989,3.1108,35.6204
2023-01-31,78.87,2.5435,3.1823,36.9002
2023-02-01,76.41,2.4538,2.9511,33.6118
2023-02-02,75.88,2.4523,2.8967,33.3382
2023-02-03,73.39,2.321,2.7753,30.4522
2023-02-06,74.11,2.3734,2.7687,31.107
2023-02-07,77.14,2.4568,2.9044,32.312
2023-02-08,78.47,2.4628,2.8933,30.9946
2023-02-09,78.06,2.4475,2.8154,29.8856
2023-02-10,79.72,2.5037,2.8646,30.488
2023-02-13,80.14,2.5311,2.9057,31.4106
2023-02-14,79.06,2.4885,2.9401,31.7794
2023-02-15,78.59,2.4978,2.8444,31.17
2023-02-16,78.49,2.4355,2.8108,29.0552
2023-02-17,76.34,2.4082,2.7121,29.059
2023-02-21,76.16,2.4156,2.7919,30.5634
2023-02-22,73.95,2.3376,2.7148,29.51
2023-02-23,75.39,2.3795,2.7081,29.1494
2023-02-24,76.32,2.3587,2.7962,28.8704
2023-02-27,75.68,2.3683,2.8198,30.1096
2023-02-28,77.05,2.4343,2.8209,30.603
2023-03-01,77.69,2.6748,2.8738,37.4376
2023-03-02,78.16,2.7003,2.8662,37.5752
2023-03-03,79.68,2.7504,2.9131,38.1146
2023-03-06,80.46,2.7965,2.8866,38.2544
2023-03-07,77.58,2.7007,2.7975,37.2046
2023-03-08,76.66,2.6889,2.7419,37.0158
2023-03-09,75.72,2.6051,2.6689,34.5874
2023-03-10,76.68,2.6458,2.7729,36.223
2023-03-13,74.8,2.5914,2.7615,36.4202
2023-03-14,71.33,2.553,2.7144,38.1556
2023-03-15,67.61,2.4384,2.6049,37.1338
2023-03-16,68.35,2.5035,2.6435,38.757
2023-03-17,66.74,2.5015,2.6787,40.8038
2023-03-20,67.64,2.536,2.6871,40.9874
2023-03-21,69.33,2.5389,2.6902,39.422
2023-03-22,70.9,2.5932,2.7403,40.0738
2023-03-23,69.96,2.6059,2.6847,40.591
2023-03-24,69.26,2.5885,2.6952,40.9508
2023-03-27,72.81,2.6842,2.7704,41.1332
2023-03-28,73.2,2.7121,2.7696,41.5132
2023-03-29,72.97,2.6681,2.6581,38.9502
2023-03-30,74.37,2.6614,2.6237,36.881
2023-03-31,75.67,2.7005,2.6763,37.4122
2023-04-03,80.42,2.7575,2.6626,34.0664
2023-04-04,80.71,2.7371,2.6667,33.2626
2023-04-05,80.61,2.8201,2.731,36.5868
2023-04-06,80.7,2.8133,2.6605,35.3194
2023-04-10,79.74,2.8079,2.6814,36.4208
2023-04-11,81.53,2.8652,2.6682,36.0504
2023-04-12,83.26,2.8727,2.7031,35.019
2023-04-13,82.16,2.8317,2.6728,34.5468
2023-04-14,82.52,2.8359,2.6392,33.834
2023-04-17,80.83,2.774,2.6147,33.4478
2023-04-18,80.86,2.7509,2.5999,32.5638
2023-04-19,79.16,2.6455,2.5577,30.7218
2023-04-20,77.29,2.5864,2.4949,30.0578
2023-04-21,77.87,2.6016,2.4886,29.8152
2023-04-24,78.76,2.6318,2.531,30.3644
2023-04-25,77.07,2.5886,2.4511,29.7262
2023-04-26,74.3,2.5494,2.373,30.3052
2023-04-27,74.76,2.5328,2.3542,29.1172
2023-04-28,76.78,2.578,2.3787,28.7058
2023-05-01,75.66,2.5504,2.3823,29.1034
2023-05-02,71.66,2.4357,2.2892,28.5884
2023-05-03,68.6,2.3221,2.2323,27.671
2023-05-04,68.56,2.3259,2.2387,27.907
2023-05-05,71.34,2.379,2.3147,27.6778
2023-05-08,73.16,2.4616,2.3777,29.0526
2023-05-09,73.71,2.4799,2.3902,29.19
2023-05-10,72.56,2.4949,2.3934,30.8048
2023-05-11,70.87,2.4577,2.3495,30.8386
2023-05-12,70.04,2.4302,2.3055,30.2826
2023-05-15,71.11,2.472,2.378,31.398
2023-05-16,70.86,2.4791,2.3639,31.6494
2023-05-17,72.83,2.5692,2.4226,33.024
2023-05-18,71.86,2.5683,2.4026,33.6888
2023-05-19,71.55,2.5761,2.3622,33.6516
2023-05-22,71.99,2.6489,2.3664,35.3088
2023-05-23,72.91,2.6622,2.3617,34.6954
2023-05-24,74.34,2.7212,2.4137,35.6454
2023-05-25,71.83,2.6735,2.3462,35.8748
2023-05-26,72.67,2.7034,2.3693,36.1954
2023-05-30,69.46,2.5959,2.2808,35.1564
2023-05-31,68.09,2.5599,2.2596,35.2216
2023-06-01,70.1,2.4362,2.3147,30.5194
2023-06-02,71.74,2.5007,2.3569,31.2762
2023-06-05,72.15,2.5244,2.3775,31.8182
2023-06-06,71.74,2.5643,2.3678,33.2096
2023-06-07,72.53,2.6412,2.4018,35.0488
2023-06-08,71.29,2.6127,2.3898,35.3228
2023-06-09,70.17,2.5932,2.361,35.4936
2023-06-12,67.12,2.4826,2.3091,34.7202
2023-06-13,69.42,2.5579,2.3955,35.7382
2023-06-14,68.27,2.5546,2.3577,36.2666
2023-06-15,70.62,2.6417,2.4796,38.062
2023-06-16,71.78,2.6805,2.5514,38.9936
2023-06-20,70.5,2.6092,2.4754,37.2132
2023-06-21,72.53,2.6241,2.5642,36.8436
2023-06-22,69.51,2.5501,2.4655,36.4098
2023-06-23,69.16,2.5172,2.4071,35.021
2023-06-26,69.37,2.5375,2.4388,35.8232
2023-06-27,67.7,2.5168,2.399,36.3564
2023-06-28,69.56,2.6034,2.4067,37.029
2023-06-29,69.86,2.6177,2.4156,37.254
2023-06-30,70.64,2.634,2.4482,37.3868
2023-07-03,69.79,2.4624,2.3773,32.4394
2023-07-05,71.79,2.5183,2.4933,33.6286
2023-07-06,71.8,2.5438,2.4794,34.138
2023-07-07,73.86,2.5893,2.5591,34.4678
2023-07-10,72.99,2.5696,2.5532,34.7036
2023-07-11,74.83,2.6227,2.5837,34.7774
2023-07-12,75.75,2.667,2.5996,35.3204
2023-07-13,76.89,2.6786,2.6104,34.6564
2023-07-14,75.42,2.6437,2.5979,34.9742
2023-07-17,74.15,2.6317,2.5642,35.4364
2023-07-18,75.75,2.6944,2.5994,36.0848
2023-07-19,75.35,2.7205,2.6418,37.8092
2023-07-20,75.63,2.7432,2.6644,38.4812
2023-07-21,77.07,2.8018,2.7457,39.8202
2023-07-24,78.74,2.8951,2.7705,41.1098
2023-07-25,79.63,2.8533,2.7776,39.1488
2023-07-26,78.78,2.9072,2.8429,42.4222
2023-07-27,80.09,2.9505,2.9169,43.3606
2023-07-28,80.58,2.9558,2.9586,43.6028
2023-07-31,81.8,2.929,2.9909,42.0846
2023-08-01,81.37,2.873,3.0234,41.4016
2023-08-02,79.49,2.7758,3.0043,40.2926
2023-08-03,81.55,2.7647,3.0749,38.9102
2023-08-04,82.82,2.7831,3.0622,37.9776
2023-08-07,81.94,2.8044,3.0155,38.8002
2023-08-08,82.92,2.8451,3.0856,39.9412
2023-08-09,84.4,2.9284,3.207,42.4932
2023-08-10,82.82,2.9047,3.1533,42.6578
2023-08-11,83.19,2.9649,3.1215,43.5282
2023-08-14,82.51,2.9062,3.0883,42.0998
2023-08-15,80.99,2.8476,3.028,41.1348
2023-08-16,79.38,2.8671,3.0209,43.1914
2023-08-17,80.39,2.8217,3.0938,41.9308
2023-08-18,81.25,2.8232,3.1597,42.0354
2023-08-21,80.72,2.7726,3.1162,40.5396
2023-08-22,80.35,2.7891,3.1388,41.688
2023-08-23,78.89,2.7688,3.1291,42.4438
2023-08-24,79.05,2.78,3.1564,42.9796
2023-08-25,79.83,2.8764,3.3075,47.0142
2023-08-28,80.1,2.7957,3.2037,43.0314
2023-08-29,81.16,2.7905,3.2095,41.907
2023-08-30,81.63,2.8092,3.0962,40.3744
2023-08-31,83.63,2.7664,3.1426,37.8256
2023-09-01,85.55,2.5912,3.105,30.4736
2023-09-05,86.69,2.581,3.2196,30.6524
2023-09-06,87.54,2.6014,3.1927,29.997
2023-09-07,86.87,2.623,3.2123,31.5462
2023-09-08,87.51,2.6537,3.2991,32.981
2023-09-11,87.29,2.7187,3.3622,35.9044
2023-09-12,88.84,2.7279,3.3283,34.1374
2023-09-13,88.52,2.7384,3.4354,36.2508
2023-09-14,90.16,2.7427,3.4815,35.3766
2023-09-15,90.77,2.7081,3.3834,32.4244
2023-09-18,91.48,2.6979,3.2883,30.0974
2023-09-19,91.2,2.6581,3.3739,30.4614
2023-09-20,90.28,2.6192,3.3268,29.6328
2023-09-21,89.63,2.6199,3.368,30.8792
2023-09-22,90.03,2.5618,3.3062,27.9872
2023-09-25,89.68,2.5439,3.2622,27.22
2023-09-26,90.39,2.5622,3.2238,26.4848
2023-09-27,93.68,2.5986,3.3147,25.4866
2023-09-28,91.71,2.5053,3.318,24.8904
2023-09-29,90.79,2.4399,3.3622,24.598
2023-10-02,88.82,2.4122,3.2225,23.8366
2023-10-03,89.23,2.3601,3.1954,21.5884
2023-10-04,84.22,2.198,3.0178,19.5732
2023-10-05,82.31,2.189,2.8687,19.1438
2023-10-06,82.79,2.1922,2.9008,19.2028
2023-10-09,86.38,2.2381,2.9666,17.8192
2023-10-10,85.97,2.2584,3.0201,19.5466
2023-10-11,83.49,2.2101,2.9985,20.3718
2023-10-12,82.91,2.165,3.0449,20.3386
2023-10-13,87.69,2.2653,3.2117,20.7022
2023-10-16,86.66,2.273,3.1492,21.0728
2023-10-17,86.66,2.2845,3.1767,21.7798
2023-10-18,88.32,2.3535,3.1393,21.5282
2023-10-19,89.37,2.3617,3.173,21.1796
2023-10-20,88.75,2.3736,3.1566,21.9032
2023-10-23,85.49,2.3285,3.0955,23.045
2023-10-24,83.74,2.2676,3.0449,22.3814
2023-10-25,85.39,2.2842,3.0305,20.9946
2023-10-26,83.21,2.2561,3.0439,22.5754
2023-10-27,85.54,2.3125,3.0519,21.9366
2023-10-30,82.31,2.22,2.9663,21.3782
2023-10-31,81.02,2.2227,2.991,23.0896
2023-11-01,80.44,2.1855,2.9615,22.215
2023-11-02,82.46,2.246,3.0255,22.785
2023-11-03,80.51,2.201,2.9238,22.0512
2023-11-06,80.82,2.2359,2.9524,23.1188
2023-11-07,77.37,2.1677,2.8384,23.0632
2023-11-08,75.33,2.1285,2.7492,22.7568
2023-11-09,75.74,2.1608,2.7191,22.8298
2023-11-10,77.17,2.1895,2.7431,22.5394
2023-11-13,78.26,2.2359,2.8393,24.0954
2023-11-14,78.26,2.2228,2.8371,23.6978
2023-11-15,76.66,2.2018,2.8687,25.1522
2023-11-16,72.9,2.1011,2.7502,24.4336
2023-11-17,75.89,2.1845,2.7725,24.091
2023-11-20,77.6,2.226,2.8495,24.621
2023-11-21,77.77,2.2338,2.9249,25.725
2023-11-22,77.1,2.2324,2.8891,25.8546
2023-11-24,75.54,2.1651,2.8357,24.7826
2023-11-27,74.86,2.1799,2.8379,25.9078
2023-11-28,76.41,2.23,2.907,26.728
2023-11-29,77.86,2.2836,2.8885,26.5198
2023-11-30,75.96,2.1998,2.8305,25.2614
2023-12-01,74.07,2.1211,2.6615,22.5818
2023-12-04,73.04,2.1342,2.6597,23.9534
2023-12-05,72.32,2.1103,2.6411,23.7438
2023-12-06,69.38,2.0302,2.5762,23.5324
2023-12-07,69.34,2.0012,2.5492,22.3824
2023-12-08,71.23,2.0498,2.581,22.2984
2023-12-11,71.32,2.0431,2.6087,22.4086
2023-12-12,68.61,1.9797,2.5074,21.9252
2023-12-13,69.47,2.0249,2.5481,22.9006
2023-12-14,71.58,2.1188,2.5913,24.0246
2023-12-15,71.43,2.137,2.6208,25.0972
2023-12-18,72.47,2.159,2.6728,25.4012
2023-12-19,73.44,2.2008,2.7168,26.2176
2023-12-20,74.22,2.2007,2.7085,25.3186
2023-12-21,73.89,2.1585,2.6968,24.3032
2023-12-22,73.56,2.1301,2.6612,23.3396
2023-12-26,75.57,2.1583,2.6688,22.2256
2023-12-27,74.11,2.155,2.6239,22.9646
2023-12-28,71.77,2.0852,2.5563,22.4038
2023-12-29,71.65,2.1026,2.5531,22.9662
2024-01-02,70.38,2.0949,2.5258,23.6384
2024-01-03,72.7,2.1581,2.6044,24.1884
2024-01-04,72.19,2.1101,2.5884,23.1304
2024-01-05,73.81,2.1055,2.6085,21.663
2024-01-08,70.77,2.0278,2.5769,22.085
2024-01-09,72.24,2.0768,2.6504,23.016
2024-01-10,71.37,2.0673,2.6006,22.9228
2024-01-11,72.02,2.1143,2.6738,24.6136
2024-01-12,72.68,2.1203,2.6693,24.0586
2024-01-16,72.4,2.1219,2.6606,24.2616
2024-01-17,72.56,2.1354,2.6536,24.3816
2024-01-18,74.08,2.1835,2.6936,24.7684
2024-01-19,73.41,2.1628,2.6621,24.4178
2024-01-22,75.19,2.2378,2.6935,25.1774
2024-01-23,74.37,2.2101,2.6913,25.191
2024-01-24,75.09,2.2095,2.6818,24.3212
2024-01-25,77.36,2.2644,2.7954,25.1788
2024-01-26,78.01,2.2941,2.8434,26.0324
2024-01-29,76.78,2.2285,2.8339,25.2926
2024-01-30,77.82,2.2607,2.8068,24.7748
2024-01-31,75.85,2.1833,2.8082,24.5972
2024-02-01,73.82,2.1948,2.7129,25.615
2024-02-02,72.28,2.1475,2.66,25.09
2024-02-05,72.78,2.2092,2.7248,27.2248
2024-02-06,73.31,2.2173,2.7427,27.1722
2024-02-07,73.86,2.263,2.8152,28.9168
2024-02-08,76.22,2.342,2.8908,29.8272
2024-02-09,76.84,2.3395,2.9642,30.1648
2024-02-12,76.92,2.3673,2.9196,30.2388
2024-02-13,77.87,2.3946,2.8959,29.7214
2024-02-14,76.64,2.3169,2.8101,27.5746
2024-02-15,78.03,2.3183,2.8237,26.4142
2024-02-16,79.19,2.336,2.8066,25.5104
2024-02-20,78.18,2.2774,2.7315,23.8282
2024-02-21,77.91,2.286,2.7052,23.9708
2024-02-22,78.61,2.3347,2.752,25.2896
2024-02-23,76.49,2.2767,2.6897,24.9134
2024-02-26,77.58,2.3056,2.7627,25.6546
2024-02-27,78.87,2.3444,2.746,25.2172
2024-02-28,78.54,2.271,2.6583,22.2642
2024-02-29,78.26,2.3043,2.6838,23.8336
2024-03-01,79.97,2.6144,2.7042,31.092
2024-03-04,78.74,2.5857,2.6472,30.7204
2024-03-05,78.15,2.5328,2.6065,29.2594
2024-03-06,79.13,2.5539,2.6633,29.6654
2024-03-07,78.93,2.5548,2.6947,30.3302
2024-03-08,78.01,2.5272,2.6409,29.7242
2024-03-11,77.93,2.5805,2.6518,31.4492
2024-03-12,77.56,2.5864,2.6165,31.4902
2024-03-13,79.72,2.6615,2.6851,32.3934
2024-03-14,81.26,2.7033,2.7088,32.3556
2024-03-15,81.04,2.7208,2.727,33.3204
2024-03-18,82.72,2.7573,2.7882,33.5192
2024-03-19,83.47,2.7622,2.7607,32.5214
2024-03-20,81.68,2.7332,2.6957,32.5894
2024-03-21,81.07,2.7271,2.6688,32.652
2024-03-22,80.63,2.7398,2.6534,33.232
2024-03-25,81.95,2.7484,2.6786,32.5056
2024-03-26,81.62,2.7006,2.6218,30.702
2024-03-27,81.35,2.6847,2.5986,30.202
2024-03-28,83.17,2.7611,2.6156,30.7592
2024-04-01,83.71,2.71,2.6271,28.9494
2024-04-02,85.15,2.7589,2.7119,30.0658
2024-04-03,85.43,2.7609,2.7324,30.1288
2024-04-04,86.59,2.7942,2.7413,30.0258
2024-04-05,86.91,2.7886,2.773,29.9928
2024-04-08,86.43,2.7486,2.7287,28.7326
2024-04-09,85.23,2.7556,2.677,29.4048
2024-04-10,86.21,2.7816,2.7076,29.5812
2024-04-11,85.02,2.7741,2.6598,29.892
2024-04-12,85.66,2.8029,2.6851,30.4126
2024-04-15,85.41,2.7839,2.6542,29.698
2024-04-16,85.36,2.8223,2.6513,30.7826
2024-04-17,82.69,2.7287,2.5747,29.7594
2024-04-18,82.73,2.7137,2.5339,28.7282
2024-04-19,83.14,2.7103,2.5413,28.3266
2024-04-22,82.85,2.6854,2.5604,28.1868
2024-04-23,83.36,2.7253,2.5792,29.0572
2024-04-24,82.81,2.7343,2.5499,29.449
2024-04-25,83.57,2.7582,2.5504,29.3652
2024-04-26,83.85,2.7646,2.5482,29.2336
2024-04-29,82.63,2.7487,2.5313,29.7718
2024-04-30,81.93,2.7108,2.5134,29.16
2024-05-01,79.0,2.5774,2.4519,27.4938
2024-05-02,78.95,2.5965,2.4431,27.9554
2024-05-03,78.11,2.5551,2.4434,27.6404
2024-05-06,78.48,2.5882,2.4614,28.4492
2024-05-07,78.38,2.5434,2.4656,27.3536
2024-05-08,78.99,2.5318,2.4761,26.5658
2024-05-09,79.26,2.5418,2.4776,26.5968
2024-05-10,78.26,2.4997,2.4344,25.8132
2024-05-13,79.12,2.5105,2.4368,25.2892
2024-05-14,78.02,2.4596,2.42,24.7288
2024-05-15,78.63,2.4968,2.4231,25.2038
2024-05-16,79.23,2.5378,2.4437,26.0402
2024-05-17,80.06,2.5742,2.4863,26.8258
2024-05-20,79.8,2.5399,2.4871,26.1366
2024-05-21,79.26,2.51,2.4623,25.4922
2024-05-22,77.57,2.4678,2.4318,25.5736
2024-05-23,76.87,2.4694,2.4118,26.0384
2024-05-24,77.72,2.4842,2.4136,25.628
2024-05-28,79.83,2.509,2.465,24.932
2024-05-29,79.23,2.4644,2.437,23.8912
2024-05-30,77.91,2.4046,2.3694,22.5904
2024-05-31,76.99,2.426,2.3636,24.0284
2024-06-03,74.22,2.3356,2.2962,23.3236
2024-06-04,73.25,2.3495,2.2859,24.5386
2024-06-05,74.07,2.3536,2.3011,24.0462
2024-06-06,75.55,2.3975,2.3576,24.5864
2024-06-07,75.53,2.3826,2.3517,24.1066
2024-06-10,77.74,2.4109,2.4147,23.571
2024-06-11,77.9,2.4089,2.4213,23.4474
2024-06-12,78.5,2.3944,2.4408,22.7144
2024-06-13,78.62,2.4156,2.4868,23.832
2024-06-14,78.45,2.3996,2.4706,23.3272
2024-06-17,80.33,2.4469,2.4825,22.9382
2024-06-18,81.57,2.4832,2.5208,23.2508
2024-06-20,82.17,2.5008,2.5245,23.1954
2024-06-21,80.73,2.5137,2.4915,24.5346
2024-06-24,81.63,2.5115,2.5214,23.9916
2024-06-25,80.83,2.5147,2.5094,24.7132
2024-06-26,80.9,2.5446,2.5375,25.8738
2024-06-27,81.74,2.5456,2.5476,25.2032
2024-06-28,81.54,2.5291,2.5169,24.5114
2024-07-01,83.38,2.5783,2.6147,25.4182
2024-07-02,82.81,2.5734,2.6297,26.061
2024-07-03,83.88,2.6013,2.6343,25.8366
2024-07-05,83.16,2.5591,2.6024,24.9284
2024-07-08,82.33,2.5379,2.5791,24.8386
2024-07-09,81.41,2.5274,2.5236,24.6876
2024-07-10,82.1,2.5034,2.5184,23.2528
2024-07-11,82.62,2.5178,2.5182,23.1332
2024-07-12,82.21,2.5153,2.5096,23.3528
2024-07-15,81.91,2.4916,2.5136,23.0452
2024-07-16,80.76,2.4775,2.4688,23.1732
2024-07-17,82.85,2.5013,2.494,22.1024
2024-07-18,82.82,2.5164,2.4868,22.4544
2024-07-19,80.13,2.4504,2.4191,22.3486
2024-07-22,79.78,2.4706,2.4348,23.484
2024-07-23,76.96,2.4141,2.4099,24.3734
2024-07-24,77.59,2.4515,2.4524,25.3856
2024-07-25,78.28,2.4676,2.4712,25.4096
2024-07-26,77.16,2.4605,2.4197,25.6098
2024-07-29,75.81,2.4153,2.375,25.0684
2024-07-30,74.73,2.3871,2.3368,24.824
2024-07-31,77.91,2.482,2.4155,25.403
2024-08-01,76.31,2.398,2.4064,24.5236
2024-08-02,73.52,2.3176,2.3185,23.8318
2024-08-05,72.94,2.3336,2.2986,24.5812
2024-08-06,73.2,2.3262,2.2958,24.0748
2024-08-07,75.23,2.3573,2.3556,23.7528
2024-08-08,76.19,2.3992,2.3578,23.9968
2024-08-09,76.84,2.3903,2.3397,22.8442
2024-08-12,80.06,2.4429,2.4065,22.0322
2024-08-13,78.35,2.3747,2.3892,21.5904
2024-08-14,76.98,2.3211,2.3682,21.1656
2024-08-15,78.16,2.358,2.3779,21.1546
2024-08-16,76.65,2.3102,2.3287,20.6374
2024-08-19,74.37,2.2638,2.2635,20.7054
2024-08-20,74.04,2.2563,2.2632,20.8212
2024-08-21,71.93,2.205,2.2497,21.3058
2024-08-22,73.01,2.2437,2.2635,21.5026
2024-08-23,74.83,2.2851,2.2997,21.3486
2024-08-26,77.42,2.2799,2.348,19.2892
2024-08-27,75.53,2.2469,2.2862,19.39
2024-08-28,74.52,2.2148,2.2291,18.7018
2024-08-29,75.91,2.2477,2.284,19.0016
2024-08-30,73.55,2.2117,2.2515,19.8986
2024-09-03,70.34,1.9777,2.206,15.9196
2024-09-04,69.2,1.9618,2.1575,15.9354
2024-09-05,69.15,1.9258,2.1689,15.137
2024-09-06,67.67,1.896,2.115,15.028
2024-09-09,68.71,1.9204,2.1394,15.0128
2024-09-10,65.75,1.87,2.058,15.422
2024-09-11,67.31,1.8972,2.0917,15.0954
2024-09-12,68.97,1.927,2.1188,14.6492
2024-09-13,68.65,1.9302,2.0843,14.5758
2024-09-16,70.09,1.9682,2.0968,14.3748
2024-09-17,71.19,2.0019,2.1367,14.777
2024-09-18,70.91,2.0107,2.1475,15.4546
2024-09-19,71.95,2.06,2.172,16.138
2024-09-20,71.92,2.0364,2.1615,15.3602
2024-09-23,70.37,1.9902,2.1451,15.387
2024-09-24,71.56,2.0297,2.1805,15.7986
2024-09-25,69.69,1.9999,2.1602,16.55
2024-09-26,67.67,1.9613,2.1361,17.1518
2024-09-27,68.18,1.953,2.1327,16.3618
2024-09-30,68.17,1.9621,2.1318,16.614
2024-10-01,69.83,1.9666,2.1742,15.6736
2024-10-02,70.1,1.9859,2.1821,16.0546
2024-10-03,73.71,2.0926,2.2947,17.0086
2024-10-04,74.38,2.0958,2.3127,16.6802
2024-10-07,77.14,2.1538,2.3962,16.7132
2024-10-08,73.57,2.0681,2.2972,16.4976
2024-10-09,73.24,2.0664,2.2769,16.4958
2024-10-10,75.85,2.1509,2.3509,17.2878
2024-10-11,75.56,2.1516,2.3439,17.4994
2024-10-14,73.83,2.1086,2.2742,17.0496
2024-10-15,70.58,2.0377,2.1877,17.1034
2024-10-16,70.39,2.0403,2.1747,17.1842
2024-10-17,70.67,2.0468,2.1945,17.3634
2024-10-18,69.22,2.002,2.1522,16.9668
2024-10-21,70.56,2.0147,2.1833,16.4178
2024-10-22,72.09,2.0715,2.237,17.23
2024-10-23,70.77,2.0414,2.2216,17.4916
2024-10-24,70.19,2.0277,2.2023,17.4178
2024-10-25,71.78,2.0785,2.2381,17.7514
2024-10-28,67.38,1.9664,2.1286,17.4796
2024-10-29,67.21,1.9518,2.1337,17.3122
2024-10-30,68.61,1.9957,2.1876,17.896
2024-10-31,69.26,2.0035,2.2195,17.911
2024-11-01,69.49,1.9665,2.2342,16.8508
2024-11-04,71.47,2.0192,2.2841,17.045
2024-11-05,71.99,2.0446,2.3042,17.5176
2024-11-06,71.69,2.0354,2.27,17.0812
2024-11-07,72.36,2.0536,2.2864,17.1504
2024-11-08,70.38,2.0125,2.2389,17.3146
2024-11-11,68.04,1.957,2.1976,17.5224
2024-11-12,68.12,1.9643,2.2108,17.8316
2024-11-13,68.43,1.9651,2.2193,17.663
2024-11-14,68.7,1.9817,2.2123,17.7598
2024-11-15,67.02,1.9493,2.1709,17.953
2024-11-18,69.16,2.0183,2.2514,18.872
2024-11-19,69.39,2.0377,2.2402,19.0284
2024-11-20,68.87,2.0458,2.2263,19.5806
2024-11-21,70.1,2.0594,2.2744,19.4048
2024-11-22,71.24,2.0614,2.2749,18.3278
2024-11-25,68.94,2.0005,2.2353,18.3682
2024-11-26,68.77,1.9918,2.2404,18.366
2024-11-27,68.72,1.9734,2.2036,17.3856
2024-11-29,68.0,1.9437,2.193,17.1256
2024-12-02,68.1,1.9172,2.1777,16.0694
2024-12-03,69.94,1.9624,2.2177,16.055
2024-12-04,68.54,1.9391,2.1674,16.0984
2024-12-05,68.3,1.9325,2.1557,15.9898
2024-12-06,67.2,1.9062,2.1326,16.03
2024-12-09,68.37,1.9525,2.1835,16.869
2024-12-10,68.59,1.9568,2.1861,16.8058
2024-12-11,70.29,1.9858,2.2233,16.4386
2024-12-12,70.02,1.9885,2.2366,16.9704
2024-12-13,71.29,2.0018,2.27,16.5404
2024-12-16,70.71,1.9757,2.264,16.3056
2024-12-17,70.08,1.9439,2.2279,15.5398
2024-12-18,70.58,1.9428,2.255,15.3884
2024-12-19,69.91,1.9228,2.2377,15.2562
2024-12-20,69.46,1.9416,2.2317,16.1486
2024-12-23,69.24,1.9383,2.2263,16.2006
2024-12-24,70.1,1.9589,2.2215,15.8502
2024-12-26,69.62,1.9458,2.2053,15.7366
2024-12-27,70.6,1.9582,2.2448,15.6568
2024-12-30,70.99,1.9763,2.2995,16.5394
2024-12-31,71.72,2.0015,2.3206,16.8104
2025-01-02,73.13,2.0519,2.354,17.2792
2025-01-03,73.96,2.0537,2.3478,16.4128
2025-01-06,73.56,2.0355,2.3552,16.4068
2025-01-07,74.25,2.0266,2.3663,15.623
2025-01-08,73.32,2.0102,2.3507,15.8754
2025-01-09,73.92,2.0283,2.3782,16.1672
2025-01-10,76.57,2.0749,2.5017,16.551
2025-01-13,78.82,2.1003,2.5333,15.4546
2025-01-14,77.5,2.1046,2.5253,16.783
2025-01-15,80.04,2.1589,2.6135,16.9982
2025-01-16,78.68,2.1232,2.6172,17.4104
2025-01-17,77.88,2.1122,2.621,17.9556
2025-01-21,75.89,2.0843,2.5581,18.2838
2025-01-22,75.44,2.0578,2.4842,16.9572
2025-01-23,74.62,2.0656,2.4715,17.8178
2025-01-24,74.66,2.049,2.5162,17.9388
2025-01-27,73.17,2.0282,2.46,18.0596
2025-01-28,73.77,2.0526,2.4501,18.0042
2025-01-29,72.62,2.0357,2.454,18.7356
2025-01-30,72.73,2.0374,2.4754,18.9728
2025-01-31,72.53,2.0365,2.4845,19.275
2025-02-03,73.16,2.1177,2.4631,20.619
2025-02-04,72.7,2.099,2.4298,20.0892
2025-02-05,71.03,2.0507,2.3842,19.7684
2025-02-06,70.61,2.0747,2.398,21.0536
2025-02-07,71.0,2.105,2.4308,21.9712
2025-02-10,72.32,2.1042,2.4509,20.9102
2025-02-11,73.32,2.1473,2.5146,22.0088
2025-02-12,71.37,2.0896,2.452,21.4668
2025-02-13,71.29,2.1107,2.4487,22.0914
2025-02-14,70.74,2.0899,2.4618,22.2424
2025-02-18,71.85,2.0867,2.4406,20.746
2025-02-19,72.25,2.0865,2.4565,20.563
2025-02-20,72.57,2.0865,2.5034,20.8996
2025-02-21,70.4,2.0267,2.4323,20.3998
2025-02-24,70.7,2.011,2.4358,19.7092
2025-02-25,68.93,1.9673,2.3903,19.6186
2025-02-26,68.62,1.9489,2.3443,18.7694
2025-02-27,70.35,1.9966,2.3959,19.0974
2025-02-28,69.76,1.9703,2.3549,18.377
2025-03-03,68.37,2.1878,2.2604,24.534
2025-03-04,68.26,2.1942,2.2872,25.1984
2025-03-05,66.31,2.137,2.2408,24.8972
2025-03-06,66.36,2.1012,2.2238,23.6068
2025-03-07,67.04,2.1087,2.216,23.0276
2025-03-10,66.03,2.0925,2.1799,23.0786
2025-03-11,66.25,2.105,2.1968,23.4452
2025-03-12,67.68,2.1501,2.2063,23.411
2025-03-13,66.55,2.1331,2.1622,23.4476
2025-03-14,67.18,2.1487,2.1666,23.316
2025-03-17,67.58,2.1812,2.2038,24.3468
2025-03-18,66.9,2.1684,2.1945,24.5382
2025-03-19,67.16,2.1696,2.2319,24.8354
2025-03-20,68.26,2.1911,2.2543,24.651
2025-03-21,68.28,2.1954,2.2496,24.6856
2025-03-24,69.11,2.2066,2.2571,24.2742
2025-03-25,69.0,2.2087,2.2859,24.8462
2025-03-26,69.65,2.2328,2.2887,24.9102
2025-03-27,69.92,2.2464,2.2847,24.965
2025-03-28,69.36,2.2347,2.2609,24.8642
2025-03-31,71.48,2.2831,2.314,24.8428
2025-04-01,71.2,2.3025,2.2889,25.3146
2025-04-02,71.71,2.331,2.322,26.066
2025-04-03,66.95,2.1643,2.1889,24.295
2025-04-04,61.99,2.0545,2.0819,24.6826
2025-04-07,60.7,2.0201,2.0699,24.8414
2025-04-08,59.58,1.9914,2.057,24.9772
2025-04-09,62.35,2.0384,2.1136,24.3156
2025-04-10,60.07,1.9613,2.0464,23.496
2025-04-11,61.5,1.9991,2.0653,23.389
2025-04-14,61.53,2.0222,2.0917,24.3754
2025-04-15,61.33,2.0244,2.0784,24.4508
2025-04-16,62.47,2.0434,2.1154,24.3608
2025-04-17,64.68,2.0988,2.1523,24.2186
2025-04-21,63.08,2.0653,2.1089,24.273
2025-04-22,64.31,2.0996,2.1486,24.5592
2025-04-23,62.27,2.0839,2.1269,25.8558
2025-04-24,62.79,2.1057,2.1437,26.1814
2025-04-25,63.02,2.1189,2.1673,26.6514
2025-04-28,62.05,2.1058,2.1755,27.3694
2025-04-29,60.42,2.0712,2.1204,27.2592
2025-04-30,58.21,2.037,2.0367,27.3398
2025-05-01,59.24,2.0492,2.012,26.3056
2025-05-02,58.29,2.0199,1.9932,26.172
2025-05-05,57.13,2.0228,1.9745,27.1514
2025-05-06,59.09,2.0645,2.0088,26.8392
2025-05-07,58.07,2.0278,1.9766,26.3808
2025-05-08,59.91,2.0854,2.04,27.0412
2025-05-09,61.02,2.1084,2.0664,26.9448
2025-05-12,61.95,2.1331,2.1111,27.3322
2025-05-13,63.67,2.166,2.1713,27.3762
2025-05-14,63.15,2.17,2.2061,28.4954
2025-05-15,61.62,2.1344,2.166,28.4672
2025-05-16,62.49,2.1418,2.1406,27.4488
2025-05-19,62.69,2.1388,2.1277,26.9842
2025-05-20,62.56,2.1521,2.1289,27.5034
2025-05-21,61.57,2.1498,2.1391,28.5718
2025-05-22,61.2,2.1312,2.1175,28.1186
2025-05-23,61.53,2.1092,2.1048,26.9948
2025-05-27,60.89,2.0715,2.0794,26.2236
2025-05-28,61.84,2.0892,2.0881,25.891
2025-05-29,60.94,2.0594,2.0482,25.398
2025-05-30,60.79,2.0384,2.0172,24.526
2025-06-02,62.52,2.0525,2.0445,23.573
2025-06-03,63.41,2.0788,2.0999,24.195
2025-06-04,62.85,2.034,2.0701,23.0834
2025-06-05,63.37,2.0629,2.0945,23.7142
2025-06-06,64.58,2.0768,2.1253,23.3246
2025-06-09,65.29,2.0952,2.1464,23.4252
2025-06-10,64.98,2.088,2.1416,23.4664
2025-06-11,68.15,2.1668,2.2053,23.3946
2025-06-12,68.04,2.1429,2.1887,22.603
2025-06-13,72.98,2.2276,2.3587,22.4146
2025-06-16,71.77,2.2199,2.3933,23.8934
2025-06-17,74.84,2.2719,2.5051,23.8446
2025-06-18,75.14,2.3086,2.5334,24.9684
2025-06-20,74.93,2.3295,2.5418,25.8812
2025-06-23,68.51,2.2182,2.3631,26.683
2025-06-24,64.37,2.0857,2.2851,26.021
2025-06-25,64.92,2.0824,2.2964,25.5368
2025-06-26,65.24,2.099,2.3601,26.5734
2025-06-27,65.52,2.0898,2.3072,25.2952
2025-06-30,65.11,2.0798,2.3458,25.9656
2025-07-01,65.45,2.1003,2.3269,25.935
2025-07-02,67.45,2.1229,2.4117,25.755
2025-07-03,67.0,2.1186,2.3698,25.498
2025-07-04,66.5,2.1171,2.409,26.5048
2025-07-07,67.93,2.1522,2.4211,26.227
2025-07-08,68.33,2.185,2.4413,27.0282
2025-07-09,68.38,2.1879,2.4092,26.61
2025-07-10,66.57,2.1524,2.3835,27.0662
2025-07-11,68.45,2.187,2.4474,27.0496
2025-07-14,66.98,2.1654,2.3898,27.1084
2025-07-15,66.52,2.1696,2.4052,27.9016
2025-07-16,66.38,2.144,2.3915,27.133
2025-07-17,67.54,2.1704,2.4646,27.7356
2025-07-18,67.34,2.1534,2.453,27.2972
2025-07-21,67.2,2.1319,2.5092,27.622
2025-07-22,66.21,2.1019,2.4518,26.9684
2025-07-23,65.25,2.1213,2.449,28.4324
2025-07-24,66.03,2.1042,2.4129,26.6682
2025-07-25,65.16,2.097,2.4062,27.2428
2025-07-28,66.71,2.1352,2.4266,27.048
2025-07-29,69.21,2.2184,2.4638,27.3984
2025-07-30,70.0,2.2691,2.4185,27.3938
2025-07-31,69.26,2.2156,2.3995,26.3698
2025-08-01,67.33,2.1186,2.2999,24.1894
2025-08-04,66.29,2.1022,2.3176,25.018
2025-08-05,65.16,2.0915,2.2502,24.9048
2025-08-06,64.35,2.0904,2.2628,25.8604
2025-08-07,63.88,2.0775,2.2668,26.0252
2025-08-08,63.88,2.0861,2.2793,26.441
2025-08-11,63.96,2.0766,2.291,26.2588
2025-08-12,63.17,2.0744,2.2441,26.3306
2025-08-13,62.65,2.0704,2.2428,26.7204
2025-08-14,63.96,2.1092,2.2345,26.3806
2025-08-15,62.8,2.0725,2.225,26.38
2025-08-18,63.42,2.0987,2.2403,26.7078
2025-08-19,62.35,2.089,2.2511,27.6574
2025-08-20,63.21,2.1283,2.2796,28.2968
2025-08-21,63.52,2.1597,2.3251,29.503
2025-08-22,63.66,2.1585,2.3081,29.0914
2025-08-25,64.8,2.1483,2.3475,28.2174
2025-08-26,63.25,2.1223,2.2805,28.1014
2025-08-27,64.15,2.1489,2.2953,28.1534
2025-08-28,64.6,2.1991,2.3098,29.312
2025-08-29,64.01,2.1876,2.2667,28.9766
2025-09-02,65.59,2.0428,2.3744,24.85
2025-09-03,63.97,2.012,2.3609,25.4186
2025-09-04,63.48,2.0095,2.3307,25.4158
2025-09-05,61.87,1.9642,2.287,25.1456
2025-09-08,62.26,1.9586,2.3119,24.9474
2025-09-09,62.63,1.9925,2.3199,25.6386
2025-09-10,63.67,2.008,2.3337,25.2258
2025-09-11,62.37,1.9793,2.2819,24.997
2025-09-12,62.69,1.9854,2.29,24.9612
2025-09-15,63.3,2.0134,2.3311,25.7106
2025-09-16,64.52,2.0416,2.3935,26.1538
2025-09-17,64.05,2.0287,2.3548,25.7208
2025-09-18,63.57,2.0114,2.34,25.5092
2025-09-19,62.68,1.9707,2.2989,24.6842
2025-09-22,62.64,1.9782,2.2923,24.8418
2025-09-23,63.41,1.9991,2.328,25.1568
2025-09-24,64.99,2.0188,2.3772,24.8172
2025-09-25,64.98,2.0022,2.4265,25.0526
2025-09-26,65.72,2.0376,2.4289,25.3374
2025-09-29,63.45,1.9951,2.3566,25.4052
2025-09-30,62.37,1.9729,2.3325,25.5262
2025-10-01,61.78,1.8859,2.3019,23.2518
2025-10-02,60.48,1.851,2.2435,22.757
2025-10-03,60.88,1.8605,2.2363,22.5222
2025-10-06,61.69,1.9016,2.2443,22.975
2025-10-07,61.73,1.8939,2.2653,23.0134
2025-10-08,62.55,1.9095,2.2913,22.9942
2025-10-09,61.51,1.8826,2.2803,23.127
2025-10-10,58.9,1.8204,2.2044,22.9328
2025-10-13,59.49,1.8438,2.2497,23.6322
2025-10-14,58.7,1.8286,2.1976,23.2672
2025-10-15,58.27,1.8344,2.1748,23.5404
2025-10-16,57.46,1.8117,2.1535,23.4166
2025-10-17,57.54,1.8377,2.18,24.4356
2025-10-20,57.52,1.8302,2.1921,24.415
2025-10-21,57.82,1.8253,2.2058,24.1696
2025-10-22,58.5,1.865,2.2496,25.2144
2025-10-23,61.79,1.9269,2.403,25.8052
2025-10-24,61.5,1.9227,2.4031,25.979
2025-10-27,61.31,1.9204,2.4361,26.5666
2025-10-28,60.15,1.9252,2.3872,27.1764
2025-10-29,60.48,1.9737,2.4243,28.7238
2025-10-30,60.57,2.0034,2.46,29.9652
2025-10-31,60.98,1.9931,2.4312,28.8636
2025-11-03,61.05,1.9161,2.4053,26.275
2025-11-04,60.56,1.9228,2.4446,27.5028
2025-11-05,59.6,1.9093,2.4325,27.9154
2025-11-06,59.43,1.9656,2.4961,30.5522
2025-11-07,59.75,1.9403,2.4821,29.3278
2025-11-10,60.13,1.9711,2.5104,30.2064
2025-11-11,61.04,2.012,2.5757,31.3558
2025-11-12,58.49,1.9554,2.4816,31.0036
2025-11-13,58.69,1.9597,2.4647,30.6874
2025-11-14,60.09,2.0116,2.5311,31.6702
2025-11-17,59.91,1.9901,2.547,31.4708
2025-11-18,60.74,1.9993,2.7011,33.0558
2025-11-19,59.44,1.9321,2.6357,31.5586
2025-11-20,59.14,1.9184,2.5333,30.0414
2025-11-21,58.06,1.8834,2.4564,29.0648
2025-11-24,58.84,1.8966,2.4061,27.9502
2025-11-25,57.95,1.8572,2.3538,27.0048
2025-11-26,58.65,1.889,2.3255,26.799
2025-11-28,58.55,1.8959,2.333,27.1972
2025-12-01,59.32,1.8689,2.34,25.7692
2025-12-02,58.64,1.8303,2.3127,24.9862
2025-12-03,58.95,1.8272,2.3008,24.4228
2025-12-04,59.67,1.8271,2.3037,23.7406
2025-12-05,60.08,1.8341,2.3629,24.3554
2025-12-08,58.88,1.7981,2.2982,23.6416
2025-12-09,58.25,1.7897,2.2601,23.503
2025-12-10,58.46,1.7815,2.273,23.244
2025-12-11,57.6,1.7598,2.2289,22.879
2025-12-12,57.44,1.7521,2.198,22.3908
2025-12-15,56.82,1.7323,2.1806,22.2128
2025-12-16,55.27,1.6809,2.1286,21.5956
2025-12-17,55.94,1.6943,2.1495,21.5934
2025-12-18,56.15,1.7013,2.1316,21.3288
2025-12-19,56.66,1.7082,2.1219,20.8762
2025-12-22,58.01,1.7422,2.1581,20.985
2025-12-23,58.38,1.7432,2.1906,21.098
2025-12-24,58.35,1.7471,2.1576,20.7752
2025-12-26,56.74,1.6971,2.107,20.2768
2025-12-29,58.08,1.7152,2.1275,19.7306
2025-12-30,57.95,1.721,2.1505,20.345
2025-12-31,57.42,1.7054,2.1206,20.0196
2026-01-02,57.32,1.6982,2.1151,19.841
2026-01-05,58.32,1.72,2.1428,19.8392
2026-01-06,57.13,1.7006,2.083,19.6488
2026-01-07,55.99,1.6945,2.0567,20.2498
2026-01-08,57.76,1.7603,2.1195,21.2014
2026-01-09,59.12,1.7806,2.135,20.6268
2026-01-12,59.5,1.7938,2.1544,20.888
2026-01-13,61.15,1.8265,2.2384,21.3296
2026-01-14,62.02,1.8304,2.2819,21.1778
2026-01-15,59.19,1.7838,2.2083,21.6726
2026-01-16,59.44,1.7852,2.2376,21.872
2026-01-20,60.34,1.8238,2.3385,23.4654
2026-01-21,60.62,1.8574,2.4305,25.4142
2026-01-22,59.36,1.8172,2.3668,24.6568
2026-01-23,61.07,1.851,2.4285,24.757
2026-01-26,60.63,1.8201,2.568,26.2848
2026-01-27,62.39,1.8652,2.6462,26.8824
2026-01-28,63.21,1.8923,2.6661,27.0998
2026-01-29,65.42,1.92,2.5854,24.5356
2026-01-30,65.21,1.9228,2.7356,26.9268
2026-02-02,62.14,1.8514,2.3598,22.7364
2026-02-03,63.21,1.8979,2.4093,23.6614
2026-02-04,65.14,1.9652,2.47,24.4656
2026-02-05,63.29,1.9266,2.3932,24.1596
2026-02-06,63.55,1.9532,2.4133,24.9258
2026-02-09,64.36,1.9855,2.4169,25.0706
2026-02-10,63.96,1.9592,2.3988,24.4808
2026-02-11,64.63,1.9789,2.4404,24.9448
2026-02-12,62.84,1.9159,2.3927,24.303
2026-02-13,62.89,1.911,2.3879,24.0486
2026-02-17,62.33,1.9144,2.3906,24.7416
2026-02-18,65.19,1.968,2.5187,25.1758
2026-02-19,66.43,2.0066,2.6147,26.3606
2026-02-20,66.39,1.9973,2.5858,25.7356
2026-02-23,66.31,1.9892,2.6782,26.8824
2026-02-24,65.63,1.9714,2.6869,27.1858
2026-02-25,65.42,1.9914,2.674,27.7752
2026-02-26,65.21,2.0323,2.6125,28.2694
2026-02-27,67.02,2.0779,2.6709,28.5538
2026-03-02,71.23,2.3706,2.9004,35.7524
2026-03-03,74.56,2.4574,3.1869,38.8638
2026-03-04,74.66,2.5149,3.2938,41.8704
2026-03-05,81.01,2.6709,3.6143,44.3754
2026-03-06,90.9,2.7466,3.6224,36.7184
2026-03-09,94.77,2.8084,3.5866,34.0776
2026-03-10,83.45,2.6403,3.3466,37.3308
2026-03-11,87.25,2.7883,3.6788,42.3256
2026-03-12,95.73,2.9646,3.8989,41.8634
2026-03-13,98.71,3.0414,4.0147,42.655
2026-03-16,93.5,3.0003,3.8375,44.2334
2026-03-17,96.21,3.1234,4.0158,47.4664
2026-03-18,96.32,3.0985,4.1978,49.2072
2026-03-19,96.14,3.1271,4.342,52.2068
2026-03-20,98.32,3.2862,4.6084,58.2112
2026-03-23,88.13,2.9749,4.056,51.9512
2026-03-24,92.35,3.148,4.2909,55.8666
2026-03-25,90.32,3.0124,4.0063,50.1154
2026-03-26,94.48,3.1302,4.2734,52.9932
2026-03-27,99.64,3.2501,4.4955,54.2998
2026-03-30,102.88,3.3515,4.3643,52.0622
2026-03-31,101.38,3.3123,4.1634,49.652
2026-04-01,100.12,3.0914,4.0568,43.2344
2026-04-02,111.54,3.288,4.3611,41.5794
2026-04-06,112.41,3.3082,4.3284,40.8172
2026-04-07,112.95,3.3052,4.4774,42.2792
2026-04-08,94.41,3.0059,3.8084,43.0728
2026-04-09,97.87,3.0007,3.937,41.2676
2026-04-10,96.57,3.0373,3.7616,41.1368
2026-04-13,99.08,3.116,3.8341,41.8454
2026-04-14,91.28,3.0395,3.6243,44.5662
2026-04-15,91.29,3.0692,3.7532,47.1924
2026-04-16,94.69,3.1637,3.8329,47.5542
2026-04-17,83.85,3.0048,3.3974,47.848
2026-04-20,89.61,3.1168,3.5409,47.233
2026-04-21,92.13,3.2098,3.7288,49.9476
2026-04-22,92.96,3.3579,3.9379,56.1918
2026-04-23,95.85,3.4621,3.9882,56.9236
2026-04-24,94.4,3.4626,3.8874,56.9764
2026-04-27,96.37,3.491,3.9747,57.0238
2026-04-28,99.93,3.5604,3.9712,55.358
2026-04-29,106.88,3.7411,4.1987,56.6526
2026-04-30,105.07,3.7715,4.1384,58.4696
2026-05-01,101.94,3.5952,3.9464,53.9752
2026-05-04,106.42,3.7382,4.0732,55.2744
2026-05-05,102.27,3.6206,4.0302,55.5296
2026-05-06,95.08,3.4593,3.7856,54.7788
2026-05-07,94.81,3.456,3.8166,55.3904
2026-05-08,95.42,3.5267,3.8991,57.915
2026-05-11,98.07,3.5998,3.9686,58.2848
2026-05-12,102.18,3.6977,4.1588,59.5788
2026-05-13,101.02,3.6187,3.9667,55.8374
2026-05-14,101.17,3.6057,3.9056,54.468
2026-05-15,105.42,3.7019,4.0534,54.9808
2026-05-18,108.66,3.7607,4.1145,54.2426
2026-05-19,107.77,3.6962,4.1625,53.9986
2026-05-20,98.26,3.4874,3.9471,54.6466
2026-05-21,96.35,3.3796,3.8316,51.9212
2026-05-22,96.6,3.4539,3.8878,54.5384
2026-05-26,93.89,3.2205,3.7146,48.2884
2026-05-27,88.68,3.1337,3.5975,49.4286
2026-05-28,88.9,3.1852,3.6187,50.9474
2026-05-29,87.36,3.1267,3.5373,49.7098
2026-06-01,92.16,3.0847,3.6394,45.1632
2026-06-02,93.76,3.1443,3.6987,46.0622
2026-06-03,96.02,3.1316,3.8481,45.5382
2026-06-04,93.04,3.0383,3.6738,43.4656
2026-06-05,90.54,3.0459,3.5874,44.9688
2026-06-08,91.3,3.0706,3.5999,45.0754
2026-06-09,88.2,3.0211,3.5418,45.976
2026-06-10,90.03,3.1099,3.6126,47.6236
2026-06-11,87.71,3.1014,3.5131,48.3126
2026-06-12,84.88,3.0498,3.4044,48.176
2026-06-15,80.75,2.9472,3.2665,47.5026
2026-06-16,76.05,2.8805,3.1702,48.9868
2026-06-17,76.79,2.9096,3.1946,49.4032
2026-06-18,76.6,2.9949,3.1273,51.0394
2026-06-22,74.82,2.987,3.0931,52.1194
2026-06-23,73.21,2.959,3.1546,53.8064
2026-06-24,70.34,2.8818,3.1762,54.8172
2026-06-25,71.92,3.0273,3.2982,59.0192
2026-06-26,69.23,2.9571,3.2082,58.4836
2026-06-29,70.75,3.0614,3.3317,61.613
2026-06-30,69.5,3.0144,3.3168,61.3384
2026-07-01,68.58,2.9452,3.2179,58.9362
2026-07-02,68.69,2.9173,3.1822,57.5452
2026-07-06,68.55,3.0033,3.2984,61.72
2026-07-07,70.44,2.9539,3.3017,58.493
2026-07-08,73.52,3.1034,3.6575,64.5802
2026-07-09,72.08,3.0387,3.5716,63.006
2026-07-10,71.41,2.9846,3.5533,61.905
2026-07-13,78.14,3.1663,3.8236,64.0468
2026-07-14,79.34,3.2273,4.0143,67.2246
2026-07-15,79.6,3.3009,3.9483,68.1014
2026-07-16,78.95,3.2847,4.0307,69.4514
2026-07-17,82.49,3.3927,4.0646,69.41
2026-07-20,83.23,3.389,4.119,69.328
2026-07-21,84.91,3.4059,4.1266,68.2276
2026-07-22,86.83,3.4147,4.1488,66.8648
2026-07-23,92.19,3.4964,4.3416,66.4916
2026-07-24,89.31,3.3959,4.1806,64.3036
2026-07-27,82.61,3.3273,4.1116,68.1168
2026-07-28,79.26,3.3345,4.1509,72.2186
2026-07-29,84.46,3.3978,4.3701,71.8598
2026-07-30,83.59,3.2847,4.2094,67.3132
2026-07-31,84.67,3.2216,4.1215,63.2358
2026-08-03,80.34,2.9667,3.8772,57.0084
2026-08-04,75.77,2.8522,3.7705,56.8786
2026-08-05,75.22,2.8388,3.7962,57.4132
2026-08-06,77.29,2.9385,3.882,59.336
2026-08-07,78.18,2.9853,3.9024,60.042
2026-08-10,82.13,3.1354,4.1898,64.3184
2026-08-11,83.2,3.1366,4.2525,64.1598
2026-08-12,83.27,3.1537,4.304,65.2896
2026-08-13,81.25,3.128,4.2506,65.8424
2026-08-14,82.4,3.1841,4.2829,66.7154
2026-08-17,84.5,3.2701,4.4371,69.1822
2026-08-18,84.94,3.3017,4.4501,69.809
2026-08-19,85.83,3.2551,4.4523,67.645
2026-08-20,87.83,3.2629,4.4803,66.2554
2026-08-21,87.06,3.3479,4.4948,69.6084
2026-08-24,85.01,3.2708,4.2677,66.3202
2026-08-25,82.36,3.2529,4.2438,68.1344
2026-08-26,82.23,3.3201,4.26,70.3728
2026-08-27,83.53,3.3842,4.2787,71.1294
2026-08-28,83.4,3.4899,4.3567,75.311
2026-08-31,85.76,3.437,4.4953,73.4102
