"model_type","n","innov_dist","contamination","epsilon","hp_scenario","delta","rate_linearized","rate_l2","mean_loc_linearized","mean_loc_l2"
"LMHC",500,"normal","Clean",0,"H1",0,0.067,0.024,0.5313,0.5445
"LMHC",1000,"normal","Clean",0,"H1",0,0.056,0.023,0.5276,0.5364
"LMHC",5000,"normal","Clean",0,"H1",0,0.074,0.033,0.5063,0.5266
"LMHC",500,"t3","Clean",0,"H1",0,0.071,0.018,0.5254,0.5405
"LMHC",1000,"t3","Clean",0,"H1",0,0.061,0.016,0.515,0.5327
"LMHC",5000,"t3","Clean",0,"H1",0,0.076,0.038,0.5066,0.5119
"LMHC",500,"normal","AO",0.05,"H1",0,0.051,0.008,0.536,0.5397
"LMHC",1000,"normal","AO",0.05,"H1",0,0.057,0.013,0.5257,0.5355
"LMHC",5000,"normal","AO",0.05,"H1",0,0.064,0.024,0.5131,0.5014
"LMHC",500,"t3","AO",0.05,"H1",0,0.049,0.012,0.5399,0.5537
"LMHC",1000,"t3","AO",0.05,"H1",0,0.065,0.013,0.5256,0.5387
"LMHC",5000,"t3","AO",0.05,"H1",0,0.065,0.031,0.5011,0.5071
"LMHC",500,"normal","IO",0.05,"H1",0,0.03,0.01,0.5391,0.5506
"LMHC",1000,"normal","IO",0.05,"H1",0,0.047,0.023,0.5302,0.5285
"LMHC",5000,"normal","IO",0.05,"H1",0,0.046,0.038,0.5205,0.5292
"LMHC",500,"t3","IO",0.05,"H1",0,0.044,0.011,0.5292,0.5444
"LMHC",1000,"t3","IO",0.05,"H1",0,0.06,0.021,0.5257,0.532
"LMHC",5000,"t3","IO",0.05,"H1",0,0.054,0.034,0.5129,0.5292
"LMHC",500,"normal","RO",0.05,"H1",0,0.053,0.015,0.5415,0.5611
"LMHC",1000,"normal","RO",0.05,"H1",0,0.051,0.022,0.5218,0.5488
"LMHC",5000,"normal","RO",0.05,"H1",0,0.063,0.043,0.5227,0.5324
"LMHC",500,"t3","RO",0.05,"H1",0,0.043,0.01,0.5194,0.5601
"LMHC",1000,"t3","RO",0.05,"H1",0,0.059,0.016,0.5262,0.5504
"LMHC",5000,"t3","RO",0.05,"H1",0,0.083,0.042,0.5149,0.5343
"LMHC",500,"normal","Clean",0,"H2",0,0.051,0.023,0.5278,0.5478
"LMHC",1000,"normal","Clean",0,"H2",0,0.064,0.027,0.5276,0.5331
"LMHC",5000,"normal","Clean",0,"H2",0,0.086,0.045,0.5144,0.5187
"LMHC",500,"t3","Clean",0,"H2",0,0.048,0.011,0.5222,0.5391
"LMHC",1000,"t3","Clean",0,"H2",0,0.054,0.02,0.5242,0.537
"LMHC",5000,"t3","Clean",0,"H2",0,0.071,0.029,0.5174,0.52
"LMHC",500,"normal","AO",0.05,"H2",0,0.059,0.009,0.5281,0.5616
"LMHC",1000,"normal","AO",0.05,"H2",0,0.051,0.019,0.5228,0.5339
"LMHC",5000,"normal","AO",0.05,"H2",0,0.074,0.033,0.515,0.5164
"LMHC",500,"t3","AO",0.05,"H2",0,0.062,0.012,0.5158,0.539
"LMHC",1000,"t3","AO",0.05,"H2",0,0.052,0.019,0.5284,0.5325
"LMHC",5000,"t3","AO",0.05,"H2",0,0.07,0.029,0.5075,0.5095
"LMHC",500,"normal","IO",0.05,"H2",0,0.044,0.007,0.531,0.5404
"LMHC",1000,"normal","IO",0.05,"H2",0,0.047,0.018,0.5195,0.5392
"LMHC",5000,"normal","IO",0.05,"H2",0,0.061,0.039,0.5072,0.5214
"LMHC",500,"t3","IO",0.05,"H2",0,0.031,0.016,0.534,0.5504
"LMHC",1000,"t3","IO",0.05,"H2",0,0.041,0.017,0.5363,0.5343
"LMHC",5000,"t3","IO",0.05,"H2",0,0.056,0.029,0.5146,0.5201
"LMHC",500,"normal","RO",0.05,"H2",0,0.055,0.019,0.5317,0.5573
"LMHC",1000,"normal","RO",0.05,"H2",0,0.059,0.017,0.5247,0.546
"LMHC",5000,"normal","RO",0.05,"H2",0,0.085,0.035,0.5173,0.5295
"LMHC",500,"t3","RO",0.05,"H2",0,0.057,0.016,0.5295,0.5604
"LMHC",1000,"t3","RO",0.05,"H2",0,0.055,0.016,0.5182,0.5414
"LMHC",5000,"t3","RO",0.05,"H2",0,0.082,0.036,0.5116,0.5344
"LMHC",500,"normal","Clean",0,"H1",0.25,0.083,0.031,0.532,0.5414
"LMHC",1000,"normal","Clean",0,"H1",0.25,0.151,0.074,0.5244,0.5311
"LMHC",5000,"normal","Clean",0,"H1",0.25,0.749,0.604,0.5123,0.5108
"LMHC",500,"t3","Clean",0,"H1",0.25,0.103,0.032,0.5303,0.5365
"LMHC",1000,"t3","Clean",0,"H1",0.25,0.254,0.062,0.5193,0.5301
"LMHC",5000,"t3","Clean",0,"H1",0.25,0.951,0.622,0.5035,0.5109
"LMHC",500,"normal","AO",0.05,"H1",0.25,0.071,0.016,0.5346,0.55
"LMHC",1000,"normal","AO",0.05,"H1",0.25,0.151,0.033,0.5278,0.5387
"LMHC",5000,"normal","AO",0.05,"H1",0.25,0.729,0.188,0.5063,0.5153
"LMHC",500,"t3","AO",0.05,"H1",0.25,0.08,0.012,0.5212,0.548
"LMHC",1000,"t3","AO",0.05,"H1",0.25,0.25,0.027,0.5289,0.5359
"LMHC",5000,"t3","AO",0.05,"H1",0.25,0.948,0.162,0.5037,0.5135
"LMHC",500,"normal","IO",0.05,"H1",0.25,0.055,0.004,0.5331,0.547
"LMHC",1000,"normal","IO",0.05,"H1",0.25,0.081,0.009,0.5178,0.5456
"LMHC",5000,"normal","IO",0.05,"H1",0.25,0.549,0.039,0.5092,0.5291
"LMHC",500,"t3","IO",0.05,"H1",0.25,0.059,0.007,0.5346,0.5558
"LMHC",1000,"t3","IO",0.05,"H1",0.25,0.126,0.019,0.5281,0.5327
"LMHC",5000,"t3","IO",0.05,"H1",0.25,0.838,0.038,0.504,0.5184
"LMHC",500,"normal","RO",0.05,"H1",0.25,0.081,0.018,0.5347,0.565
"LMHC",1000,"normal","RO",0.05,"H1",0.25,0.148,0.062,0.5189,0.5383
"LMHC",5000,"normal","RO",0.05,"H1",0.25,0.683,0.388,0.5052,0.519
"LMHC",500,"t3","RO",0.05,"H1",0.25,0.087,0.019,0.5364,0.5609
"LMHC",1000,"t3","RO",0.05,"H1",0.25,0.222,0.037,0.5264,0.533
"LMHC",5000,"t3","RO",0.05,"H1",0.25,0.931,0.385,0.5039,0.5128
"LMHC",500,"normal","Clean",0,"H2",0.25,0.065,0.019,0.5458,0.5514
"LMHC",1000,"normal","Clean",0,"H2",0.25,0.094,0.036,0.5151,0.5274
"LMHC",5000,"normal","Clean",0,"H2",0.25,0.287,0.181,0.5133,0.5202
"LMHC",500,"t3","Clean",0,"H2",0.25,0.081,0.023,0.5346,0.548
"LMHC",1000,"t3","Clean",0,"H2",0.25,0.102,0.03,0.5314,0.5324
"LMHC",5000,"t3","Clean",0,"H2",0.25,0.511,0.178,0.5116,0.5117
"LMHC",500,"normal","AO",0.05,"H2",0.25,0.064,0.013,0.5448,0.5489
"LMHC",1000,"normal","AO",0.05,"H2",0.25,0.082,0.022,0.5331,0.5371
"LMHC",5000,"normal","AO",0.05,"H2",0.25,0.267,0.072,0.5254,0.5277
"LMHC",500,"t3","AO",0.05,"H2",0.25,0.063,0.013,0.534,0.5496
"LMHC",1000,"t3","AO",0.05,"H2",0.25,0.093,0.018,0.532,0.5285
"LMHC",5000,"t3","AO",0.05,"H2",0.25,0.457,0.086,0.5254,0.51
"LMHC",500,"normal","IO",0.05,"H2",0.25,0.029,0.015,0.541,0.5486
"LMHC",1000,"normal","IO",0.05,"H2",0.25,0.047,0.015,0.5307,0.5351
"LMHC",5000,"normal","IO",0.05,"H2",0.25,0.209,0.034,0.5071,0.5114
"LMHC",500,"t3","IO",0.05,"H2",0.25,0.032,0.008,0.5297,0.547
"LMHC",1000,"t3","IO",0.05,"H2",0.25,0.061,0.018,0.5295,0.5463
"LMHC",5000,"t3","IO",0.05,"H2",0.25,0.332,0.034,0.5287,0.5283
"LMHC",500,"normal","RO",0.05,"H2",0.25,0.045,0.016,0.5377,0.5614
"LMHC",1000,"normal","RO",0.05,"H2",0.25,0.081,0.029,0.5388,0.5664
"LMHC",5000,"normal","RO",0.05,"H2",0.25,0.263,0.106,0.5093,0.5241
"LMHC",500,"t3","RO",0.05,"H2",0.25,0.049,0.015,0.5326,0.5508
"LMHC",1000,"t3","RO",0.05,"H2",0.25,0.086,0.027,0.5261,0.5455
"LMHC",5000,"t3","RO",0.05,"H2",0.25,0.443,0.094,0.5209,0.5379
"LMHC",500,"normal","Clean",0,"H1",0.5,0.242,0.119,0.5268,0.5402
"LMHC",1000,"normal","Clean",0,"H1",0.5,0.518,0.334,0.516,0.5201
"LMHC",5000,"normal","Clean",0,"H1",0.5,1,1,0.5026,0.5021
"LMHC",500,"t3","Clean",0,"H1",0.5,0.397,0.105,0.5227,0.5367
"LMHC",1000,"t3","Clean",0,"H1",0.5,0.787,0.355,0.5133,0.5174
"LMHC",5000,"t3","Clean",0,"H1",0.5,1,0.991,0.5022,0.5015
"LMHC",500,"normal","AO",0.05,"H1",0.5,0.215,0.031,0.532,0.5488
"LMHC",1000,"normal","AO",0.05,"H1",0.5,0.497,0.081,0.5152,0.5293
"LMHC",5000,"normal","AO",0.05,"H1",0.5,1,0.734,0.5045,0.5113
"LMHC",500,"t3","AO",0.05,"H1",0.5,0.377,0.029,0.5241,0.5447
"LMHC",1000,"t3","AO",0.05,"H1",0.5,0.78,0.079,0.5147,0.5297
"LMHC",5000,"t3","AO",0.05,"H1",0.5,1,0.751,0.5029,0.5081
"LMHC",500,"normal","IO",0.05,"H1",0.5,0.115,0.008,0.5457,0.5516
"LMHC",1000,"normal","IO",0.05,"H1",0.5,0.32,0.024,0.5195,0.5416
"LMHC",5000,"normal","IO",0.05,"H1",0.5,0.994,0.11,0.5058,0.5165
"LMHC",500,"t3","IO",0.05,"H1",0.5,0.179,0.014,0.5323,0.5473
"LMHC",1000,"t3","IO",0.05,"H1",0.5,0.516,0.019,0.5212,0.5436
"LMHC",5000,"t3","IO",0.05,"H1",0.5,1,0.121,0.5051,0.5243
"LMHC",500,"normal","RO",0.05,"H1",0.5,0.195,0.054,0.5361,0.5356
"LMHC",1000,"normal","RO",0.05,"H1",0.5,0.457,0.182,0.5165,0.534
"LMHC",5000,"normal","RO",0.05,"H1",0.5,0.998,0.973,0.5023,0.5068
"LMHC",500,"t3","RO",0.05,"H1",0.5,0.322,0.061,0.5204,0.5402
"LMHC",1000,"t3","RO",0.05,"H1",0.5,0.75,0.197,0.5109,0.5235
"LMHC",5000,"t3","RO",0.05,"H1",0.5,1,0.968,0.5038,0.5038
"LMHC",500,"normal","Clean",0,"H2",0.5,0.104,0.033,0.5397,0.5496
"LMHC",1000,"normal","Clean",0,"H2",0.5,0.161,0.082,0.5356,0.5369
"LMHC",5000,"normal","Clean",0,"H2",0.5,0.832,0.712,0.5136,0.5174
"LMHC",500,"t3","Clean",0,"H2",0.5,0.131,0.034,0.5388,0.5528
"LMHC",1000,"t3","Clean",0,"H2",0.5,0.302,0.068,0.5275,0.5304
"LMHC",5000,"t3","Clean",0,"H2",0.5,0.987,0.712,0.5236,0.5279
"LMHC",500,"normal","AO",0.05,"H2",0.5,0.065,0.02,0.5396,0.5485
"LMHC",1000,"normal","AO",0.05,"H2",0.5,0.154,0.035,0.5425,0.5358
"LMHC",5000,"normal","AO",0.05,"H2",0.5,0.82,0.238,0.5205,0.5161
"LMHC",500,"t3","AO",0.05,"H2",0.5,0.109,0.016,0.5338,0.547
"LMHC",1000,"t3","AO",0.05,"H2",0.5,0.255,0.026,0.5487,0.5405
"LMHC",5000,"t3","AO",0.05,"H2",0.5,0.976,0.217,0.5203,0.5173
"LMHC",500,"normal","IO",0.05,"H2",0.5,0.058,0.007,0.5406,0.549
"LMHC",1000,"normal","IO",0.05,"H2",0.5,0.115,0.018,0.543,0.5336
"LMHC",5000,"normal","IO",0.05,"H2",0.5,0.672,0.052,0.523,0.5202
"LMHC",500,"t3","IO",0.05,"H2",0.5,0.057,0.004,0.5344,0.559
"LMHC",1000,"t3","IO",0.05,"H2",0.5,0.152,0.016,0.5295,0.5463
"LMHC",5000,"t3","IO",0.05,"H2",0.5,0.89,0.052,0.5153,0.5162
"LMHC",500,"normal","RO",0.05,"H2",0.5,0.087,0.028,0.5385,0.5571
"LMHC",1000,"normal","RO",0.05,"H2",0.5,0.149,0.056,0.5403,0.5589
"LMHC",5000,"normal","RO",0.05,"H2",0.5,0.778,0.491,0.519,0.5281
"LMHC",500,"t3","RO",0.05,"H2",0.5,0.109,0.021,0.5477,0.5587
"LMHC",1000,"t3","RO",0.05,"H2",0.5,0.238,0.058,0.5348,0.5457
"LMHC",5000,"t3","RO",0.05,"H2",0.5,0.969,0.472,0.5209,0.5324
"LMHC",500,"normal","Clean",0,"H1",0.75,0.512,0.306,0.5209,0.5184
"LMHC",1000,"normal","Clean",0,"H1",0.75,0.879,0.756,0.5097,0.5112
"LMHC",5000,"normal","Clean",0,"H1",0.75,1,1,0.502,0.5015
"LMHC",500,"t3","Clean",0,"H1",0.75,0.719,0.32,0.5155,0.5226
"LMHC",1000,"t3","Clean",0,"H1",0.75,0.993,0.787,0.5098,0.5066
"LMHC",5000,"t3","Clean",0,"H1",0.75,1,0.996,0.502,0.5017
"LMHC",500,"normal","AO",0.05,"H1",0.75,0.46,0.071,0.5195,0.5323
"LMHC",1000,"normal","AO",0.05,"H1",0.75,0.84,0.233,0.514,0.5199
"LMHC",5000,"normal","AO",0.05,"H1",0.75,1,0.983,0.5021,0.5042
"LMHC",500,"t3","AO",0.05,"H1",0.75,0.69,0.088,0.5172,0.5376
"LMHC",1000,"t3","AO",0.05,"H1",0.75,0.98,0.237,0.51,0.5156
"LMHC",5000,"t3","AO",0.05,"H1",0.75,1,0.98,0.5017,0.5027
"LMHC",500,"normal","IO",0.05,"H1",0.75,0.267,0.019,0.5271,0.5426
"LMHC",1000,"normal","IO",0.05,"H1",0.75,0.655,0.034,0.5097,0.53
"LMHC",5000,"normal","IO",0.05,"H1",0.75,1,0.267,0.5031,0.5067
"LMHC",500,"t3","IO",0.05,"H1",0.75,0.394,0.018,0.5194,0.5397
"LMHC",1000,"t3","IO",0.05,"H1",0.75,0.889,0.038,0.5152,0.5312
"LMHC",5000,"t3","IO",0.05,"H1",0.75,1,0.25,0.5032,0.5131
"LMHC",500,"normal","RO",0.05,"H1",0.75,0.446,0.193,0.5237,0.532
"LMHC",1000,"normal","RO",0.05,"H1",0.75,0.837,0.512,0.5084,0.5167
"LMHC",5000,"normal","RO",0.05,"H1",0.75,1,1,0.5026,0.5036
"LMHC",500,"t3","RO",0.05,"H1",0.75,0.659,0.17,0.5222,0.5359
"LMHC",1000,"t3","RO",0.05,"H1",0.75,0.978,0.511,0.5103,0.5162
"LMHC",5000,"t3","RO",0.05,"H1",0.75,1,0.998,0.5017,0.504
"LMHC",500,"normal","Clean",0,"H2",0.75,0.15,0.066,0.5391,0.5499
"LMHC",1000,"normal","Clean",0,"H2",0.75,0.368,0.205,0.537,0.5396
"LMHC",5000,"normal","Clean",0,"H2",0.75,0.993,0.977,0.5189,0.5189
"LMHC",500,"t3","Clean",0,"H2",0.75,0.234,0.075,0.5419,0.561
"LMHC",1000,"t3","Clean",0,"H2",0.75,0.62,0.239,0.5423,0.5408
"LMHC",5000,"t3","Clean",0,"H2",0.75,1,0.965,0.5176,0.5197
"LMHC",500,"normal","AO",0.05,"H2",0.75,0.131,0.02,0.5377,0.5435
"LMHC",1000,"normal","AO",0.05,"H2",0.75,0.339,0.069,0.5403,0.5405
"LMHC",5000,"normal","AO",0.05,"H2",0.75,0.984,0.55,0.5254,0.5289
"LMHC",500,"t3","AO",0.05,"H2",0.75,0.237,0.018,0.5545,0.5505
"LMHC",1000,"t3","AO",0.05,"H2",0.75,0.536,0.063,0.5417,0.5491
"LMHC",5000,"t3","AO",0.05,"H2",0.75,1,0.559,0.5243,0.5237
"LMHC",500,"normal","IO",0.05,"H2",0.75,0.064,0.014,0.544,0.5466
"LMHC",1000,"normal","IO",0.05,"H2",0.75,0.211,0.012,0.5313,0.5354
"LMHC",5000,"normal","IO",0.05,"H2",0.75,0.954,0.091,0.522,0.5206
"LMHC",500,"t3","IO",0.05,"H2",0.75,0.102,0.009,0.5471,0.5546
"LMHC",1000,"t3","IO",0.05,"H2",0.75,0.351,0.023,0.5376,0.5291
"LMHC",5000,"t3","IO",0.05,"H2",0.75,1,0.092,0.5247,0.5139
"LMHC",500,"normal","RO",0.05,"H2",0.75,0.151,0.052,0.5369,0.5577
"LMHC",1000,"normal","RO",0.05,"H2",0.75,0.312,0.116,0.5312,0.553
"LMHC",5000,"normal","RO",0.05,"H2",0.75,0.987,0.88,0.5205,0.5289
"LMHC",500,"t3","RO",0.05,"H2",0.75,0.2,0.044,0.5386,0.5546
"LMHC",1000,"t3","RO",0.05,"H2",0.75,0.553,0.104,0.5398,0.54
"LMHC",5000,"t3","RO",0.05,"H2",0.75,1,0.873,0.5145,0.5254
"LMHC",500,"normal","Clean",0,"H1",1,0.739,0.558,0.5173,0.5156
"LMHC",1000,"normal","Clean",0,"H1",1,0.979,0.956,0.5073,0.5054
"LMHC",5000,"normal","Clean",0,"H1",1,1,1,0.5021,0.5015
"LMHC",500,"t3","Clean",0,"H1",1,0.926,0.615,0.5156,0.5142
"LMHC",1000,"t3","Clean",0,"H1",1,0.999,0.948,0.5081,0.5078
"LMHC",5000,"t3","Clean",0,"H1",1,1,0.998,0.5023,0.5014
"LMHC",500,"normal","AO",0.05,"H1",1,0.69,0.132,0.5144,0.5248
"LMHC",1000,"normal","AO",0.05,"H1",1,0.971,0.47,0.5053,0.5161
"LMHC",5000,"normal","AO",0.05,"H1",1,1,0.999,0.5018,0.5019
"LMHC",500,"t3","AO",0.05,"H1",1,0.9,0.145,0.5152,0.5282
"LMHC",1000,"t3","AO",0.05,"H1",1,0.997,0.466,0.5084,0.5121
"LMHC",5000,"t3","AO",0.05,"H1",1,1,0.999,0.5018,0.5022
"LMHC",500,"normal","IO",0.05,"H1",1,0.449,0.018,0.5199,0.5443
"LMHC",1000,"normal","IO",0.05,"H1",1,0.903,0.063,0.5116,0.5309
"LMHC",5000,"normal","IO",0.05,"H1",1,1,0.461,0.5023,0.5081
"LMHC",500,"t3","IO",0.05,"H1",1,0.659,0.016,0.521,0.5448
"LMHC",1000,"t3","IO",0.05,"H1",1,0.981,0.049,0.5105,0.5271
"LMHC",5000,"t3","IO",0.05,"H1",1,1,0.468,0.5024,0.513
"LMHC",500,"normal","RO",0.05,"H1",1,0.686,0.335,0.5168,0.5233
"LMHC",1000,"normal","RO",0.05,"H1",1,0.977,0.799,0.5064,0.511
"LMHC",5000,"normal","RO",0.05,"H1",1,1,1,0.501,0.5016
"LMHC",500,"t3","RO",0.05,"H1",1,0.871,0.367,0.5151,0.5314
"LMHC",1000,"t3","RO",0.05,"H1",1,0.998,0.796,0.5084,0.5096
"LMHC",5000,"t3","RO",0.05,"H1",1,1,1,0.5015,0.5016
"LMHC",500,"normal","Clean",0,"H2",1,0.27,0.097,0.5405,0.5486
"LMHC",1000,"normal","Clean",0,"H2",1,0.617,0.401,0.5399,0.5402
"LMHC",5000,"normal","Clean",0,"H2",1,0.999,1,0.5256,0.525
"LMHC",500,"t3","Clean",0,"H2",1,0.405,0.117,0.5493,0.556
"LMHC",1000,"t3","Clean",0,"H2",1,0.85,0.415,0.5413,0.5419
"LMHC",5000,"t3","Clean",0,"H2",1,1,0.99,0.5243,0.5265
"LMHC",500,"normal","AO",0.05,"H2",1,0.224,0.039,0.5447,0.5556
"LMHC",1000,"normal","AO",0.05,"H2",1,0.56,0.101,0.5375,0.5475
"LMHC",5000,"normal","AO",0.05,"H2",1,1,0.839,0.5197,0.5234
"LMHC",500,"t3","AO",0.05,"H2",1,0.398,0.025,0.5435,0.5448
"LMHC",1000,"t3","AO",0.05,"H2",1,0.836,0.098,0.5439,0.5326
"LMHC",5000,"t3","AO",0.05,"H2",1,1,0.814,0.5249,0.5317
"LMHC",500,"normal","IO",0.05,"H2",1,0.127,0.014,0.5355,0.553
"LMHC",1000,"normal","IO",0.05,"H2",1,0.363,0.022,0.5394,0.5456
"LMHC",5000,"normal","IO",0.05,"H2",1,1,0.148,0.5222,0.5169
"LMHC",500,"t3","IO",0.05,"H2",1,0.175,0.017,0.5525,0.5422
"LMHC",1000,"t3","IO",0.05,"H2",1,0.596,0.025,0.5373,0.537
"LMHC",5000,"t3","IO",0.05,"H2",1,1,0.132,0.5205,0.5308
"LMHC",500,"normal","RO",0.05,"H2",1,0.219,0.066,0.5456,0.5613
"LMHC",1000,"normal","RO",0.05,"H2",1,0.525,0.215,0.5364,0.549
"LMHC",5000,"normal","RO",0.05,"H2",1,1,0.98,0.5177,0.5278
"LMHC",500,"t3","RO",0.05,"H2",1,0.376,0.073,0.5483,0.5752
"LMHC",1000,"t3","RO",0.05,"H2",1,0.796,0.216,0.5421,0.5436
"LMHC",5000,"t3","RO",0.05,"H2",1,1,0.985,0.5179,0.5258
"LMHC",500,"normal","Clean",0,"H1",1.25,0.891,0.807,0.5143,0.5083
"LMHC",1000,"normal","Clean",0,"H1",1.25,0.998,0.993,0.508,0.5068
"LMHC",5000,"normal","Clean",0,"H1",1.25,1,1,0.5013,0.5009
"LMHC",500,"t3","Clean",0,"H1",1.25,0.97,0.782,0.5128,0.5122
"LMHC",1000,"t3","Clean",0,"H1",1.25,1,0.982,0.508,0.5057
"LMHC",5000,"t3","Clean",0,"H1",1.25,1,1,0.5016,0.5008
"LMHC",500,"normal","AO",0.05,"H1",1.25,0.864,0.235,0.5163,0.5266
"LMHC",1000,"normal","AO",0.05,"H1",1.25,0.996,0.709,0.5073,0.5118
"LMHC",5000,"normal","AO",0.05,"H1",1.25,1,1,0.5014,0.5018
"LMHC",500,"t3","AO",0.05,"H1",1.25,0.974,0.266,0.513,0.5219
"LMHC",1000,"t3","AO",0.05,"H1",1.25,1,0.707,0.5062,0.5082
"LMHC",5000,"t3","AO",0.05,"H1",1.25,1,1,0.5017,0.5013
"LMHC",500,"normal","IO",0.05,"H1",1.25,0.653,0.03,0.5227,0.5478
"LMHC",1000,"normal","IO",0.05,"H1",1.25,0.961,0.094,0.5114,0.5366
"LMHC",5000,"normal","IO",0.05,"H1",1.25,1,0.715,0.5022,0.5088
"LMHC",500,"t3","IO",0.05,"H1",1.25,0.796,0.034,0.5214,0.5405
"LMHC",1000,"t3","IO",0.05,"H1",1.25,0.985,0.097,0.509,0.5333
"LMHC",5000,"t3","IO",0.05,"H1",1.25,1,0.688,0.5025,0.5065
"LMHC",500,"normal","RO",0.05,"H1",1.25,0.847,0.575,0.5168,0.515
"LMHC",1000,"normal","RO",0.05,"H1",1.25,0.998,0.934,0.5064,0.5088
"LMHC",5000,"normal","RO",0.05,"H1",1.25,1,1,0.5014,0.5014
"LMHC",500,"t3","RO",0.05,"H1",1.25,0.955,0.563,0.5148,0.5198
"LMHC",1000,"t3","RO",0.05,"H1",1.25,0.999,0.918,0.5082,0.5077
"LMHC",5000,"t3","RO",0.05,"H1",1.25,1,0.998,0.5018,0.5021
"LMHC",500,"normal","Clean",0,"H2",1.25,0.407,0.226,0.5458,0.5545
"LMHC",1000,"normal","Clean",0,"H2",1.25,0.785,0.625,0.5337,0.541
"LMHC",5000,"normal","Clean",0,"H2",1.25,1,1,0.5178,0.5222
"LMHC",500,"t3","Clean",0,"H2",1.25,0.619,0.25,0.5523,0.5594
"LMHC",1000,"t3","Clean",0,"H2",1.25,0.974,0.665,0.5391,0.5451
"LMHC",5000,"t3","Clean",0,"H2",1.25,1,0.998,0.5214,0.5197
"LMHC",500,"normal","AO",0.05,"H2",1.25,0.344,0.058,0.549,0.5446
"LMHC",1000,"normal","AO",0.05,"H2",1.25,0.767,0.163,0.5401,0.5396
"LMHC",5000,"normal","AO",0.05,"H2",1.25,1,0.955,0.5203,0.5216
"LMHC",500,"t3","AO",0.05,"H2",1.25,0.593,0.058,0.5631,0.5573
"LMHC",1000,"t3","AO",0.05,"H2",1.25,0.951,0.185,0.5458,0.5409
"LMHC",5000,"t3","AO",0.05,"H2",1.25,1,0.965,0.5211,0.5193
"LMHC",500,"normal","IO",0.05,"H2",1.25,0.207,0.01,0.5478,0.5548
"LMHC",1000,"normal","IO",0.05,"H2",1.25,0.554,0.026,0.5322,0.5313
"LMHC",5000,"normal","IO",0.05,"H2",1.25,1,0.22,0.5178,0.5166
"LMHC",500,"t3","IO",0.05,"H2",1.25,0.286,0.013,0.5457,0.552
"LMHC",1000,"t3","IO",0.05,"H2",1.25,0.802,0.036,0.546,0.5449
"LMHC",5000,"t3","IO",0.05,"H2",1.25,1,0.201,0.5247,0.5239
"LMHC",500,"normal","RO",0.05,"H2",1.25,0.319,0.1,0.5453,0.5631
"LMHC",1000,"normal","RO",0.05,"H2",1.25,0.741,0.362,0.535,0.5516
"LMHC",5000,"normal","RO",0.05,"H2",1.25,1,0.998,0.5167,0.5261
"LMHC",500,"t3","RO",0.05,"H2",1.25,0.605,0.134,0.5553,0.5644
"LMHC",1000,"t3","RO",0.05,"H2",1.25,0.948,0.388,0.546,0.5528
"LMHC",5000,"t3","RO",0.05,"H2",1.25,1,0.995,0.5229,0.5277
