"hp_scenario","contamination","innov_dist","var_scenario","n","rate_our","rate_hl","rate_huber","rate_wmw","rate_schmidt"
"H0","AO","gaussian","i",500,0.08,NA,0.048,0.068,0.082
"H1","AO","gaussian","i",500,0.792,NA,0.802,0.814,0.336
"H2","AO","gaussian","i",500,0.388,NA,0.388,0.444,0.16
"H0","clean","gaussian","i",500,0.07,NA,0.036,0.044,0.064
"H1","clean","gaussian","i",500,0.856,NA,0.854,0.886,0.7
"H2","clean","gaussian","i",500,0.414,NA,0.418,0.422,0.298
"H0","IO","gaussian","i",500,0.038,NA,0.056,0.05,0.092
"H1","IO","gaussian","i",500,0.694,NA,0.692,0.722,0.194
"H2","IO","gaussian","i",500,0.252,NA,0.286,0.312,0.126
"H0","RO","gaussian","i",500,0.046,NA,0.048,0.054,0.096
"H1","RO","gaussian","i",500,0.772,NA,0.78,0.818,0.404
"H2","RO","gaussian","i",500,0.318,NA,0.388,0.406,0.192
"H0","AO","t3","i",500,0.054,NA,0.052,0.062,0.068
"H1","AO","t3","i",500,0.574,NA,0.566,0.626,0.236
"H2","AO","t3","i",500,0.21,NA,0.232,0.256,0.126
"H0","clean","t3","i",500,0.07,NA,0.05,0.062,0.078
"H1","clean","t3","i",500,0.604,NA,0.596,0.648,0.346
"H2","clean","t3","i",500,0.262,NA,0.274,0.31,0.176
"H0","IO","t3","i",500,0.036,NA,0.044,0.044,0.09
"H1","IO","t3","i",500,0.39,NA,0.43,0.474,0.15
"H2","IO","t3","i",500,0.154,NA,0.172,0.2,0.1
"H0","RO","t3","i",500,0.044,NA,0.06,0.054,0.076
"H1","RO","t3","i",500,0.524,NA,0.582,0.656,0.276
"H2","RO","t3","i",500,0.166,NA,0.204,0.228,0.12
"H0","AO","gaussian","i",1000,0.076,NA,0.056,0.076,0.088
"H1","AO","gaussian","i",1000,0.974,NA,0.972,0.984,0.672
"H2","AO","gaussian","i",1000,0.622,NA,0.654,0.696,0.246
"H0","clean","gaussian","i",1000,0.076,NA,0.066,0.074,0.106
"H1","clean","gaussian","i",1000,0.994,NA,0.992,0.998,0.99
"H2","clean","gaussian","i",1000,0.674,NA,0.72,0.75,0.586
"H0","IO","gaussian","i",1000,0.042,NA,0.038,0.046,0.09
"H1","IO","gaussian","i",1000,0.978,NA,0.956,0.97,0.402
"H2","IO","gaussian","i",1000,0.506,NA,0.502,0.53,0.186
"H0","RO","gaussian","i",1000,0.042,NA,0.044,0.054,0.106
"H1","RO","gaussian","i",1000,0.986,NA,0.992,0.99,0.71
"H2","RO","gaussian","i",1000,0.566,NA,0.626,0.66,0.3
"H0","AO","t3","i",1000,0.04,NA,0.048,0.052,0.084
"H1","AO","t3","i",1000,0.87,NA,0.89,0.916,0.454
"H2","AO","t3","i",1000,0.336,NA,0.42,0.456,0.202
"H0","clean","t3","i",1000,0.054,NA,0.038,0.048,0.088
"H1","clean","t3","i",1000,0.912,NA,0.912,0.932,0.668
"H2","clean","t3","i",1000,0.404,NA,0.444,0.48,0.276
"H0","IO","t3","i",1000,0.026,NA,0.044,0.038,0.104
"H1","IO","t3","i",1000,0.754,NA,0.788,0.832,0.292
"H2","IO","t3","i",1000,0.298,NA,0.316,0.356,0.146
"H0","RO","t3","i",1000,0.022,NA,0.038,0.038,0.1
"H1","RO","t3","i",1000,0.824,NA,0.876,0.9,0.484
"H2","RO","t3","i",1000,0.302,NA,0.4,0.432,0.17
"H0","AO","gaussian","i",5000,0.04,NA,0.052,0.06,0.064
"H1","AO","gaussian","i",5000,1,NA,1,1,1
"H2","AO","gaussian","i",5000,0.998,NA,0.998,1,0.726
"H0","clean","gaussian","i",5000,0.064,NA,0.058,0.072,0.076
"H1","clean","gaussian","i",5000,1,NA,1,1,1
"H2","clean","gaussian","i",5000,1,NA,1,1,0.994
"H0","IO","gaussian","i",5000,0.062,NA,0.056,0.07,0.066
"H1","IO","gaussian","i",5000,1,NA,1,1,0.882
"H2","IO","gaussian","i",5000,1,NA,1,1,0.356
"H0","RO","gaussian","i",5000,0.034,NA,0.034,0.05,0.114
"H1","RO","gaussian","i",5000,1,NA,1,1,0.998
"H2","RO","gaussian","i",5000,1,NA,1,1,0.722
"H0","AO","t3","i",5000,0.06,NA,0.06,0.074,0.098
"H1","AO","t3","i",5000,1,NA,1,1,0.932
"H2","AO","t3","i",5000,0.98,NA,0.99,0.994,0.436
"H0","clean","t3","i",5000,0.026,NA,0.048,0.052,0.078
"H1","clean","t3","i",5000,1,NA,1,1,0.996
"H2","clean","t3","i",5000,0.996,NA,0.998,1,0.654
"H0","IO","t3","i",5000,0.036,NA,0.044,0.046,0.066
"H1","IO","t3","i",5000,1,NA,1,1,0.696
"H2","IO","t3","i",5000,0.956,NA,0.95,0.958,0.232
"H0","RO","t3","i",5000,0.042,NA,0.068,0.078,0.06
"H1","RO","t3","i",5000,1,NA,1,1,0.966
"H2","RO","t3","i",5000,0.972,NA,0.986,0.986,0.478
