"iteration","replication","scenario","contamination","percentage_contamination","shift_k","innov_dist","n","loss","bias_teta","bias_lin_teta","sq_error_teta","sq_error_lin_teta","k_rate"
1,5,"H0","clean",0.1,2,"gaussian",100,"Welsh",-0.0346769029591574,-0.0307056627134212,0.00120248759883882,0.000942837722670382,0.6394
1,5,"H0","clean",0.1,2,"gaussian",500,"Welsh",-0.0953849911796389,-0.100196167587347,0.00909829654233979,0.0100392719991918,0.6477
1,5,"H1","clean",0.1,2,"gaussian",100,"Welsh",-0.00800275603114864,0.155584901512132,6.40441040940859e-05,0.0242066615785397,0.588
1,5,"H1","clean",0.1,2,"gaussian",500,"Welsh",-0.0709497715890604,-0.00646898110475824,0.00503387008853984,4.18477165337192e-05,0.482
1,5,"H2","clean",0.1,2,"gaussian",100,"Welsh",-0.0654709326971554,0.0918701398245159,0.00428644302823546,0.0084401225913761,0.588
1,5,"H2","clean",0.1,2,"gaussian",500,"Welsh",-0.0667007183938069,0.0098061286339417,0.00444898583424993,9.61601587854113e-05,0.6089
1,5,"H0","AO",0.1,2,"gaussian",100,"Welsh",-0.014538622391743,-0.0376718550498363,0.000211371541049692,0.00141916866289587,0.588
1,5,"H0","AO",0.1,2,"gaussian",500,"Welsh",-0.111596271887986,-0.145286312619004,0.0124537278992973,0.021108112634427,0.6089
1,5,"H1","AO",0.1,2,"gaussian",100,"Welsh",0.0204730112112457,0.112883246659446,0.000419144188055791,0.0127426273763772,0.6394
1,5,"H1","AO",0.1,2,"gaussian",500,"Welsh",-0.0823276684578607,-0.00291707464262703,0.00677784499370743,8.50932447065759e-06,0.5577
1,5,"H2","AO",0.1,2,"gaussian",100,"Welsh",0.0539076682316144,0.203810232764541,0.00290603669416981,0.0415386109795362,0.6394
1,5,"H2","AO",0.1,2,"gaussian",500,"Welsh",-0.049651789177384,0.0476572208968395,0.00246530016851539,0.00227121070361016,0.6477
1,5,"H0","IO",0.1,2,"gaussian",100,"Welsh",0.164619581620366,0.197817786013988,0.0270996066528642,0.0391318764634761,0.6394
1,5,"H0","IO",0.1,2,"gaussian",500,"Welsh",-0.0801533734430062,-0.0432354125478155,0.00642456327429402,0.00186930089817981,0.6089
1,5,"H1","IO",0.1,2,"gaussian",100,"Welsh",-0.345230010808345,-0.0947245900361393,0.11918376036273,0.00897274795751466,0.4515
1,5,"H1","IO",0.1,2,"gaussian",500,"Welsh",0.0173877323279357,0.0527707843413296,0.000302333235507939,0.00278475567999912,0.5577
1,5,"H2","IO",0.1,2,"gaussian",100,"Welsh",0.103823182002184,0.26885658515447,0.0107792531210586,0.0722838633809229,0.588
1,5,"H2","IO",0.1,2,"gaussian",500,"Welsh",-0.0344540130776485,0.0271533708099891,0.00118707901715477,0.00073730554634477,0.6477
1,5,"H0","clean",0.1,2,"t3",100,"Welsh",-0.020631320732678,0.0222061525919706,0.000425651395174628,0.000493113212937883,0.6394
1,5,"H0","clean",0.1,2,"t3",500,"Welsh",-0.00408801697614766,-0.0186649004088547,1.67118827972715e-05,0.000348378507272465,0.6477
1,5,"H1","clean",0.1,2,"t3",100,"Welsh",-0.1309706509828,-0.0901592695693625,0.0171533114188584,0.00812869388928097,0.588
1,5,"H1","clean",0.1,2,"t3",500,"Welsh",-0.0581591430450432,0.000541508620979902,0.0033824859197338,2.93231586595556e-07,0.5577
1,5,"H2","clean",0.1,2,"t3",100,"Welsh",-0.300602532774753,-0.22198097971913,0.0903618827105963,0.0492755553570648,0.6394
1,5,"H2","clean",0.1,2,"t3",500,"Welsh",-0.0302148570976388,0.085856388289927,0.000912937589430735,0.00737131941019072,0.6477
1,5,"H0","AO",0.1,2,"t3",100,"Welsh",0.0981013092834954,0.255273185889556,0.00962386688313602,0.0651643994342037,0.4515
1,5,"H0","AO",0.1,2,"t3",500,"Welsh",0.114916276657304,0.155302938575007,0.013205750640778,0.0241190027300323,0.6089
1,5,"H1","AO",0.1,2,"t3",100,"Welsh",-0.384966076799103,-0.0427576625125188,0.148198880286093,0.00182821770353445,0.5396
1,5,"H1","AO",0.1,2,"t3",500,"Welsh",-0.23646538111992,-0.129930792204458,0.0559158764681892,0.016882010762878,0.5577
1,5,"H2","AO",0.1,2,"t3",100,"Welsh",-0.264097369754738,-0.158709342726414,0.0697474207113709,0.0251886554686505,0.4515
1,5,"H2","AO",0.1,2,"t3",500,"Welsh",-0.283348448629205,-0.178492430914972,0.0802863433405771,0.0318595478939359,0.6477
1,5,"H0","IO",0.1,2,"t3",100,"Welsh",-0.208136030891739,-0.330579407817885,0.0433206073553668,0.109282744873224,0.6394
1,5,"H0","IO",0.1,2,"t3",500,"Welsh",-0.0255603271448114,-0.0253721854222038,0.000653330323749782,0.000643747793098691,0.6477
1,5,"H1","IO",0.1,2,"t3",100,"Welsh",0.0222373191857204,-0.0672851913169459,0.000494498364567607,0.00452729697055801,0.5396
1,5,"H1","IO",0.1,2,"t3",500,"Welsh",-0.135455848124007,-0.0193921788409597,0.0183482867909942,0.000376056600199764,0.6089
1,5,"H2","IO",0.1,2,"t3",100,"Welsh",-0.318575191510501,-0.216029310058826,0.101490152645953,0.0466686628044926,0.588
1,5,"H2","IO",0.1,2,"t3",500,"Welsh",-0.231584532249015,-0.185285110482106,0.0536313955769952,0.0343305721663664,0.6089
2,5,"H0","clean",0.1,2,"gaussian",100,"Welsh",0.155635169451028,0.102971988030756,0.0242223059700501,0.0106032303190063,0.6394
2,5,"H0","clean",0.1,2,"gaussian",500,"Welsh",-0.076541433688028,-0.0733913646135973,0.00585859107101879,0.00538629239984598,0.6477
2,5,"H1","clean",0.1,2,"gaussian",100,"Welsh",-0.23346103507023,-0.177047783612437,0.0545040548960633,0.0313459176820764,0.5396
2,5,"H1","clean",0.1,2,"gaussian",500,"Welsh",0.0246015248044236,0.0676639017364373,0.000605235022702668,0.00457840359819825,0.482
2,5,"H2","clean",0.1,2,"gaussian",100,"Welsh",-0.0943352333181275,0.0619638022420721,0.00889913624518556,0.00383951278829462,0.6394
2,5,"H2","clean",0.1,2,"gaussian",500,"Welsh",-0.155375311385943,-0.0536346436587163,0.0241414873882787,0.00287667500039748,0.6477
2,5,"H0","AO",0.1,2,"gaussian",100,"Welsh",0.0226065012518529,0.00993368938044124,0.000511053898850025,9.86781847070911e-05,0.4515
2,5,"H0","AO",0.1,2,"gaussian",500,"Welsh",0.0634288981587474,0.0656012548914651,0.00402322512163275,0.00430352464333497,0.6477
2,5,"H1","AO",0.1,2,"gaussian",100,"Welsh",0.217512485890927,0.388445742274516,0.0473116815184506,0.1508900946912,0.4515
2,5,"H1","AO",0.1,2,"gaussian",500,"Welsh",-0.0484454549883881,-0.042055582020684,0.00234696210903194,0.00176867197909848,0.482
2,5,"H2","AO",0.1,2,"gaussian",100,"Welsh",-0.217492627882767,-0.0713498262663201,0.0473030431833517,0.00509079770823407,0.5396
2,5,"H2","AO",0.1,2,"gaussian",500,"Welsh",-0.057196393201608,0.0474895167575553,0.00327142739527295,0.00225525420186613,0.6089
2,5,"H0","IO",0.1,2,"gaussian",100,"Welsh",-0.113858758258119,-0.0949210858264102,0.0129638168320807,0.00901001253446473,0.6394
2,5,"H0","IO",0.1,2,"gaussian",500,"Welsh",0.0686877558967102,0.0562787640284362,0.00471800781012605,0.00316729928056841,0.6477
2,5,"H1","IO",0.1,2,"gaussian",100,"Welsh",-0.0793581329123005,0.0519739737450593,0.00629771325932636,0.00270129394685211,0.6394
2,5,"H1","IO",0.1,2,"gaussian",500,"Welsh",-0.14101956585072,-0.170731770930653,0.0198865179527255,0.0291493376051169,0.482
2,5,"H2","IO",0.1,2,"gaussian",100,"Welsh",-0.200523500487473,-0.0431333233118945,0.0402096742477497,0.00186048357992842,0.588
2,5,"H2","IO",0.1,2,"gaussian",500,"Welsh",-0.171914184409449,-0.0689116840777158,0.0295544868011661,0.0047488202024269,0.6477
2,5,"H0","clean",0.1,2,"t3",100,"Welsh",-0.0561665986357997,-0.0384774172225219,0.00315468680231502,0.00148051163611602,0.6394
2,5,"H0","clean",0.1,2,"t3",500,"Welsh",0.00416010974936927,0.014385921742372,1.73065131267973e-05,0.000206954744377651,0.6477
2,5,"H1","clean",0.1,2,"t3",100,"Welsh",0.0606653181304981,-0.014255161973779,0.00368028082387455,0.000203209642898674,0.5396
2,5,"H1","clean",0.1,2,"t3",500,"Welsh",-0.01554752677752,0.0814646290512666,0.000241725588897702,0.00663648578646047,0.6089
2,5,"H2","clean",0.1,2,"t3",100,"Welsh",-0.118053581911571,-0.0524911930880267,0.013936648202152,0.00275532535180451,0.6394
2,5,"H2","clean",0.1,2,"t3",500,"Welsh",-0.102446387599955,-0.0154905927942854,0.0104952623322802,0.000239958465118368,0.6089
2,5,"H0","AO",0.1,2,"t3",100,"Welsh",-0.152133363977064,-0.247275735702283,0.0231445604349779,0.0611452894671055,0.588
2,5,"H0","AO",0.1,2,"t3",500,"Welsh",0.12381669453535,0.113034099184084,0.0153305738456602,0.0127767075783574,0.6477
2,5,"H1","AO",0.1,2,"t3",100,"Welsh",-0.318352789104378,-0.245398436474225,0.101348498330537,0.060220392623994,0.588
2,5,"H1","AO",0.1,2,"t3",500,"Welsh",-0.0114114232348548,0.0347275297693785,0.000130220580244984,0.00120600132388307,0.5577
2,5,"H2","AO",0.1,2,"t3",100,"Welsh",-0.139255596044074,-0.185715410482558,0.0193921210295903,0.034490213690705,0.6394
2,5,"H2","AO",0.1,2,"t3",500,"Welsh",-0.156292344499143,-0.0119784846115383,0.0244272969490388,0.000143484093588859,0.6477
2,5,"H0","IO",0.1,2,"t3",100,"Welsh",0.361981143173292,0.139605754455407,0.131030348013043,0.0194897666770634,0.6394
2,5,"H0","IO",0.1,2,"t3",500,"Welsh",0.099046957241358,0.143163880219878,0.0098102997387714,0.0204958965996115,0.6089
2,5,"H1","IO",0.1,2,"t3",100,"Welsh",-0.18268519406427,0.169725589804453,0.0333738801302999,0.0288067758344693,0.6394
2,5,"H1","IO",0.1,2,"t3",500,"Welsh",0.0191744961007412,0.118447027009152,0.000367661300717339,0.0140296982073068,0.5577
2,5,"H2","IO",0.1,2,"t3",100,"Welsh",-0.0534027133719595,-0.170925957937452,0.00285184979548766,0.0292156830968355,0.588
2,5,"H2","IO",0.1,2,"t3",500,"Welsh",-0.191646309756911,-0.120990365713889,0.0367283080434418,0.0146386685955806,0.6089
3,5,"H0","clean",0.1,2,"gaussian",100,"Welsh",0.0294334268135011,0.0598169384162474,0.000866326613985723,0.00357806612149314,0.6394
3,5,"H0","clean",0.1,2,"gaussian",500,"Welsh",-0.0688303703074516,-0.068440505950782,0.00473761987666092,0.00468410285479903,0.6477
3,5,"H1","clean",0.1,2,"gaussian",100,"Welsh",0.0551619862653323,-0.0237876188586661,0.00304284472873671,0.000565850810965167,0.3495
3,5,"H1","clean",0.1,2,"gaussian",500,"Welsh",-0.0613024149522352,-0.000519813687811954,0.00375798607897603,2.70206270036664e-07,0.5577
3,5,"H2","clean",0.1,2,"gaussian",100,"Welsh",-0.203709212019274,0.0111454165114546,0.0414974430615133,0.000124220309213805,0.588
3,5,"H2","clean",0.1,2,"gaussian",500,"Welsh",0.0400079484833806,0.11317706861518,0.00160063594184884,0.0128090488603252,0.5577
3,5,"H0","AO",0.1,2,"gaussian",100,"Welsh",0.120558023883181,0.129422682773657,0.0145342371226176,0.0167502308163306,0.588
3,5,"H0","AO",0.1,2,"gaussian",500,"Welsh",-0.0634084116139996,-0.0791061144226879,0.00402062666341039,0.00625777733905539,0.6089
3,5,"H1","AO",0.1,2,"gaussian",100,"Welsh",-0.22090259382752,-0.112428413097419,0.0487979559597264,0.0126401480716039,0.5396
3,5,"H1","AO",0.1,2,"gaussian",500,"Welsh",-0.084148907976437,-0.0384208847756693,0.00708103871362687,0.00147616438694526,0.482
3,5,"H2","AO",0.1,2,"gaussian",100,"Welsh",-0.308253756526393,-0.205748158903249,0.0950203784126327,0.0423323048920765,0.5396
3,5,"H2","AO",0.1,2,"gaussian",500,"Welsh",-0.096008809030689,0.0181194326406089,0.00921769141149131,0.000328313839217563,0.6089
3,5,"H0","IO",0.1,2,"gaussian",100,"Welsh",-0.201071761471349,-0.293957835542487,0.0404298532611909,0.0864112090768237,0.588
3,5,"H0","IO",0.1,2,"gaussian",500,"Welsh",0.039546565220401,0.0601127398519253,0.00156393082073143,0.00361354149250525,0.6477
3,5,"H1","IO",0.1,2,"gaussian",100,"Welsh",0.2580741763423,0.0710981604273806,0.0666022804947563,0.00505494841615755,0.4515
3,5,"H1","IO",0.1,2,"gaussian",500,"Welsh",-0.0470501576699371,0.0431256163122911,0.00221371733676595,0.00185981878231494,0.5577
3,5,"H2","IO",0.1,2,"gaussian",100,"Welsh",-0.19384719030812,-0.0537813684870012,0.0375767331903525,0.00289243559633461,0.588
3,5,"H2","IO",0.1,2,"gaussian",500,"Welsh",-0.114334604215765,0.0310975101927438,0.0130724017211756,0.000967055140187802,0.6477
3,5,"H0","clean",0.1,2,"t3",100,"Welsh",-0.0855872373727151,-0.0175366363162405,0.00732517520109348,0.000307533613288084,0.5396
3,5,"H0","clean",0.1,2,"t3",500,"Welsh",-0.0405212245390193,-0.015775513824338,0.00164196963814162,0.00024886683642188,0.482
3,5,"H1","clean",0.1,2,"t3",100,"Welsh",-0.439962405598753,-0.282788838017119,0.193566918340242,0.0799695269070726,0.6394
3,5,"H1","clean",0.1,2,"t3",500,"Welsh",-0.287178925600925,-0.146607906455506,0.0824717353093018,0.0214938782352664,0.6477
3,5,"H2","clean",0.1,2,"t3",100,"Welsh",-0.329908376609247,-0.185516574535437,0.108839536956949,0.0344163994273625,0.588
3,5,"H2","clean",0.1,2,"t3",500,"Welsh",-0.148273853542964,-0.0526894715854587,0.0219851356444803,0.00277618041595486,0.6089
3,5,"H0","AO",0.1,2,"t3",100,"Welsh",-0.180293004336679,-0.150160254928155,0.0325055674127457,0.0225481021600886,0.588
3,5,"H0","AO",0.1,2,"t3",500,"Welsh",-0.0228615680792194,0.0394631717543649,0.000522651295040785,0.0015573419249145,0.6477
3,5,"H1","AO",0.1,2,"t3",100,"Welsh",-0.301523706594217,-0.1785136980513,0.0909165456383153,0.0318671403919508,0.4515
3,5,"H1","AO",0.1,2,"t3",500,"Welsh",-0.18105350511825,-0.0780403629333333,0.032780371715604,0.00609029824676638,0.6089
3,5,"H2","AO",0.1,2,"t3",100,"Welsh",-0.306349967753726,-0.0382485761419469,0.0938503027427088,0.00146295357688631,0.6394
3,5,"H2","AO",0.1,2,"t3",500,"Welsh",-0.0714151752910741,-0.00838947340903995,0.00510012726185484,7.03832640809884e-05,0.6477
3,5,"H0","IO",0.1,2,"t3",100,"Welsh",-0.00371632258884773,-0.0366474563104967,1.38110535843799e-05,0.00134303605402976,0.588
3,5,"H0","IO",0.1,2,"t3",500,"Welsh",-0.0633526623430173,-0.0437434906885387,0.00401355982594837,0.00191349297761827,0.6477
3,5,"H1","IO",0.1,2,"t3",100,"Welsh",-0.15596352167376,-0.0482026901358654,0.0243246200928813,0.00232349933633426,0.5396
3,5,"H1","IO",0.1,2,"t3",500,"Welsh",-0.0974739047161655,-0.0479103572757178,0.0095011621006161,0.00229540233428693,0.6477
3,5,"H2","IO",0.1,2,"t3",100,"Welsh",-0.20750229323617,-0.322923498622283,0.0430572016982694,0.104279585962456,0.6394
3,5,"H2","IO",0.1,2,"t3",500,"Welsh",-0.104182396503091,0.0320478705664731,0.0108539717411272,0.00102706600784541,0.6477
4,5,"H0","clean",0.1,2,"gaussian",100,"Welsh",0.00127997369264092,0.0187313340532,1.63833265385284e-06,0.000350862875412572,0.4515
4,5,"H0","clean",0.1,2,"gaussian",500,"Welsh",-0.0461134907599806,-0.0498008900631576,0.00212645403007081,0.00248012865108271,0.6477
4,5,"H1","clean",0.1,2,"gaussian",100,"Welsh",-0.112636795299522,0.0938673094245925,0.0126870476553464,0.0088110717786122,0.588
4,5,"H1","clean",0.1,2,"gaussian",500,"Welsh",-0.146067103536163,-0.109109475144606,0.0213355987354443,0.0119048775663315,0.5577
4,5,"H2","clean",0.1,2,"gaussian",100,"Welsh",-0.102468501629998,-0.1214925288033,0.010499793826297,0.0147604345550207,0.5396
4,5,"H2","clean",0.1,2,"gaussian",500,"Welsh",-0.048304480580359,0.019389673485346,0.00233332284413828,0.000375959437868331,0.6089
4,5,"H0","AO",0.1,2,"gaussian",100,"Welsh",0.0153521836736417,-0.0313462173788318,0.00023568954354923,0.000982585343960974,0.6394
4,5,"H0","AO",0.1,2,"gaussian",500,"Welsh",0.00718821309740805,0.0233421584772157,5.16704075337487e-05,0.000544856362375453,0.6477
4,5,"H1","AO",0.1,2,"gaussian",100,"Welsh",-0.168201375619566,0.0356937944036932,0.0282917027603144,0.00127404695893312,0.5396
4,5,"H1","AO",0.1,2,"gaussian",500,"Welsh",-0.0615267346301864,-0.0241526535509373,0.00378553907425338,0.000583350673551605,0.482
4,5,"H2","AO",0.1,2,"gaussian",100,"Welsh",-0.406603272447079,-0.341172715278093,0.165326221164674,0.116398821650227,0.6394
4,5,"H2","AO",0.1,2,"gaussian",500,"Welsh",-0.118369701508927,-0.0155534002400184,0.0140113862353125,0.000241908259026204,0.6477
4,5,"H0","IO",0.1,2,"gaussian",100,"Welsh",-0.387617570783607,-0.225506325576887,0.150247381180185,0.0508531028751889,0.5396
4,5,"H0","IO",0.1,2,"gaussian",500,"Welsh",0.0210458240898908,-0.017767317213057,0.000442926711622629,0.000315677560949391,0.6477
4,5,"H1","IO",0.1,2,"gaussian",100,"Welsh",-0.120096088186301,0.149935668208347,0.0144230703976519,0.0224807046010835,0.6394
4,5,"H1","IO",0.1,2,"gaussian",500,"Welsh",-0.0991602621711247,-0.043338144290789,0.00983275759384619,0.00187819475056924,0.5577
4,5,"H2","IO",0.1,2,"gaussian",100,"Welsh",-0.166299675391425,-0.129503730782006,0.0276555820352934,0.0167712162864582,0.6394
4,5,"H2","IO",0.1,2,"gaussian",500,"Welsh",0.0326218213864615,0.0741729652645295,0.0010641832305702,0.00550162877613311,0.5577
4,5,"H0","clean",0.1,2,"t3",100,"Welsh",0.0795462348482729,0.143025165108015,0.00632760347853659,0.0204561978541749,0.6394
4,5,"H0","clean",0.1,2,"t3",500,"Welsh",-0.0445498105776494,-0.085589317480107,0.00198468562250445,0.00732553126671054,0.6477
4,5,"H1","clean",0.1,2,"t3",100,"Welsh",0.00608681653209242,0.114486779963171,3.70493354953536e-05,0.0131072227863356,0.6394
4,5,"H1","clean",0.1,2,"t3",500,"Welsh",0.0638535695065721,0.130944684710592,0.00407727833873063,0.0171465104539564,0.5577
4,5,"H2","clean",0.1,2,"t3",100,"Welsh",-0.139242320144575,-0.039839679390707,0.0193884237192443,0.00158720005395432,0.4515
4,5,"H2","clean",0.1,2,"t3",500,"Welsh",-0.0791401215565393,-0.0119543367522199,0.00626315883998381,0.000142906167185476,0.6477
4,5,"H0","AO",0.1,2,"t3",100,"Welsh",0.0749566993157281,0.171787837151137,0.00561850677230848,0.0295110609930655,0.6394
4,5,"H0","AO",0.1,2,"t3",500,"Welsh",0.0117702688992699,0.00375236165722937,0.000138539229961119,1.40802180066451e-05,0.6477
4,5,"H1","AO",0.1,2,"t3",100,"Welsh",-0.265565364803712,-0.0543289792829562,0.0705249629833288,0.00295163798992789,0.6394
4,5,"H1","AO",0.1,2,"t3",500,"Welsh",-0.0493947276405335,-0.0100462505522969,0.00243983911868249,0.000100927150159526,0.5577
4,5,"H2","AO",0.1,2,"t3",100,"Welsh",-0.171724134929909,0.0234067692075441,0.0294891785174256,0.000547876844735237,0.6394
4,5,"H2","AO",0.1,2,"t3",500,"Welsh",-0.16295443042922,-0.0627554029567707,0.0265541463965113,0.00393824060026667,0.6477
4,5,"H0","IO",0.1,2,"t3",100,"Welsh",-0.165312330276087,-0.239999897840947,0.02732816654131,0.0575999509636649,0.4515
4,5,"H0","IO",0.1,2,"t3",500,"Welsh",0.169078276823121,0.143267362905496,0.0285874636934759,0.0205255372738951,0.6477
4,5,"H1","IO",0.1,2,"t3",100,"Welsh",-0.0645015325134717,0.0544548327508978,0.00416044769658644,0.00296532880992825,0.6394
4,5,"H1","IO",0.1,2,"t3",500,"Welsh",-0.0425463275480091,0.0936478070677693,0.00181018998782248,0.00876991176860215,0.5577
4,5,"H2","IO",0.1,2,"t3",100,"Welsh",0.0571913496530083,0.183268877426383,0.00327085047513265,0.0335874814331266,0.6394
4,5,"H2","IO",0.1,2,"t3",500,"Welsh",-0.0061098897800278,0.104852025745442,3.73307531240882e-05,0.0109939473029228,0.6477
5,5,"H0","clean",0.1,2,"gaussian",100,"Welsh",0.109188076489402,0.121327490400115,0.0119220360474554,0.01472035992679,0.5396
5,5,"H0","clean",0.1,2,"gaussian",500,"Welsh",-0.053344673054136,-0.0513787742723112,0.00284565414325267,0.00263977844572511,0.6089
5,5,"H1","clean",0.1,2,"gaussian",100,"Welsh",0.107951286555563,0.138905646398167,0.0116534802690013,0.0192947786012926,0.588
5,5,"H1","clean",0.1,2,"gaussian",500,"Welsh",-0.0806483071635928,-0.0482222310853102,0.00650414944835322,0.00232538357084506,0.482
5,5,"H2","clean",0.1,2,"gaussian",100,"Welsh",-0.0928030522731844,-0.00984561248449389,0.0086124065112194,9.6936085194822e-05,0.6394
5,5,"H2","clean",0.1,2,"gaussian",500,"Welsh",-0.0461897015084956,0.0464862090076232,0.00213348852544392,0.00216096762790043,0.6477
5,5,"H0","AO",0.1,2,"gaussian",100,"Welsh",0.155543667910009,0.0918590349955978,0.024193832626899,0.00843808231032246,0.5396
5,5,"H0","AO",0.1,2,"gaussian",500,"Welsh",0.0817651122732306,0.0975475035514026,0.006685533585054,0.0095155154491109,0.6477
5,5,"H1","AO",0.1,2,"gaussian",100,"Welsh",-0.133611422056974,-0.0535320122561991,0.0178520121040868,0.00286567633619785,0.588
5,5,"H1","AO",0.1,2,"gaussian",500,"Welsh",-0.0310898356695766,-0.0338701224738847,0.000966577881961276,0.00114718519639595,0.482
5,5,"H2","AO",0.1,2,"gaussian",100,"Welsh",0.0142327349985241,0.145069794812461,0.000202570745538212,0.0210452453669296,0.5396
5,5,"H2","AO",0.1,2,"gaussian",500,"Welsh",-0.00231778972368146,0.087502962238325,5.37214920320339e-06,0.00765676840048173,0.6089
5,5,"H0","IO",0.1,2,"gaussian",100,"Welsh",-0.0801794490472784,-0.0886200136618779,0.00642874404952511,0.00785350682143143,0.4515
5,5,"H0","IO",0.1,2,"gaussian",500,"Welsh",0.0587520314869251,0.0400843901530254,0.00345180120384064,0.00160675833393996,0.6477
5,5,"H1","IO",0.1,2,"gaussian",100,"Welsh",-0.0638713776158739,0.0597389961253276,0.00407955287854956,0.00356874765806191,0.6394
5,5,"H1","IO",0.1,2,"gaussian",500,"Welsh",-0.110772974064937,0.0194411494539382,0.0122706517831911,0.00037795829209036,0.5577
5,5,"H2","IO",0.1,2,"gaussian",100,"Welsh",-0.229480591725135,-0.0903576330377556,0.0526613419785181,0.0081645018481857,0.588
5,5,"H2","IO",0.1,2,"gaussian",500,"Welsh",-0.0692458113441254,0.0131400818709304,0.00479498238870621,0.000172661751574754,0.6477
5,5,"H0","clean",0.1,2,"t3",100,"Welsh",0.0348857275505003,0.198819279712647,0.00121701398672773,0.0395291059854558,0.588
5,5,"H0","clean",0.1,2,"t3",500,"Welsh",-0.0593121375736211,-0.0579383653592166,0.00351792966355216,0.00335685418049808,0.6477
5,5,"H1","clean",0.1,2,"t3",100,"Welsh",-0.606497266581292,-0.483042045612209,0.367838934370579,0.233329617829227,0.6394
5,5,"H1","clean",0.1,2,"t3",500,"Welsh",-0.232442835270356,-0.115479554702967,0.0540296716685219,0.0133355275543956,0.6089
5,5,"H2","clean",0.1,2,"t3",100,"Welsh",-0.0396671225521603,0.107911987180552,0.00157348061156811,0.0116449969772557,0.588
5,5,"H2","clean",0.1,2,"t3",500,"Welsh",-0.100596232394087,-0.0536167510198597,0.0101196019718851,0.00287475598992563,0.5577
5,5,"H0","AO",0.1,2,"t3",100,"Welsh",0.115942209454819,0.213368435194629,0.0134425959332651,0.0455260891374044,0.588
5,5,"H0","AO",0.1,2,"t3",500,"Welsh",-0.0416347299496879,-0.0193491375192526,0.00173345073798344,0.00037438912273895,0.6089
5,5,"H1","AO",0.1,2,"t3",100,"Welsh",0.0317793563840152,0.191351912100515,0.00100992749218225,0.0366155542645232,0.588
5,5,"H1","AO",0.1,2,"t3",500,"Welsh",-0.200926589932654,-0.130332839286255,0.0403714945419648,0.0169866489964168,0.482
5,5,"H2","AO",0.1,2,"t3",100,"Welsh",0.103458666157802,0.242052506726274,0.0107036956031515,0.0585894160124729,0.6394
5,5,"H2","AO",0.1,2,"t3",500,"Welsh",-0.13840050291682,-0.0689042365667238,0.0191546992076287,0.00474779381684304,0.5577
5,5,"H0","IO",0.1,2,"t3",100,"Welsh",0.305249417257987,-0.00929280333824691,0.0931772067363406,8.63561938833329e-05,0.6394
5,5,"H0","IO",0.1,2,"t3",500,"Welsh",-0.012882608313234,0.0444458277643922,0.000165961596952207,0.00197543160566201,0.6477
5,5,"H1","IO",0.1,2,"t3",100,"Welsh",-0.455167559655003,-0.0200405278643123,0.207177507362291,0.000401622757080278,0.6394
5,5,"H1","IO",0.1,2,"t3",500,"Welsh",-0.0978158099529569,-0.0137184368341594,0.00956793267675298,0.000188195509172822,0.6089
5,5,"H2","IO",0.1,2,"t3",100,"Welsh",-0.386797848537621,-0.0417956597507603,0.149612575633332,0.00174687717400132,0.5396
5,5,"H2","IO",0.1,2,"t3",500,"Welsh",-0.125552513893158,-0.0175905593524086,0.0157634337448915,0.00030942777833061,0.6477
